Data de Medição,VALE - ITABIRA,n,n,n,n,n,n,n,n,n,n,n,n,n,n,n,n,n,n,n,n,n,n,n,n,n,n,n,n,n,n,n,n,n,n,n,n,n,n,n,n,n,n,n,n,n,n,n
n,EAMA11,n,n,n,n,n,n,n,n,n,n,n,EAMA21,n,n,n,n,n,n,n,n,n,n,n,EAMA31,n,n,n,n,n,n,n,n,n,n,n,EAMA41,n,n,n,n,n,n,n,n,n,n,n
n,Qualidade do Ar,n,n,n,n,n,n,n,n,n,n,n,Qualidade do Ar,n,n,n,n,n,n,n,n,n,n,n,Qualidade do Ar,n,n,n,n,n,n,n,n,n,n,n,Qualidade do Ar,n,n,n,n,n,n,n,n,n,n,n
n,Ar Ambiente,n,n,n,n,n,n,n,n,n,n,n,Ar Ambiente,n,n,n,n,n,n,n,n,n,n,n,Ar Ambiente,n,n,n,n,n,n,n,n,n,n,n,Ar Ambiente,n,n,n,n,n,n,n,n,n,n,n
n,Partículas Totais em Suspensão,n,n,n,Partículas Inaláveis (<10µm),n,n,n,Partículas Inaláveis <2.5µm,n,n,n,Partículas Totais em Suspensão,n,n,n,Partículas Inaláveis (<10µm),n,n,n,Partículas Inaláveis <2.5µm,n,n,n,Partículas Totais em Suspensão,n,n,n,Partículas Inaláveis (<10µm),n,n,n,Partículas Inaláveis <2.5µm,n,n,n,Partículas Totais em Suspensão,n,n,n,Partículas Inaláveis (<10µm),n,n,n,Partículas Inaláveis <2.5µm,n,n,n
n,"1 h/horária/3,0 m",n,Médias de 24 h Simples,n,"1 h/horária/3,0 m",n,Médias de 24 h Simples,n,"1 h/horária/3,0 m",n,Médias de 24 h Simples,n,"1 h/horária/3,0 m",n,Médias de 24 h Simples,n,"1 h/horária/3,0 m",n,Médias de 24 h Simples,n,"1 h/horária/3,0 m",n,Médias de 24 h Simples,n,"1 h/horária/3,0 m",n,Médias de 24 h Simples,n,"1 h/horária/3,0 m",n,Médias de 24 h Simples,n,"1 h/horária/3,0 m",n,Médias de 24 h Simples,n,"1 h/horária/3,0 m",n,Médias de 24 h Simples,n,"1 h/horária/3,0 m",n,Médias de 24 h Simples,n,"1 h/horária/3,0 m",n,Médias de 24 h Simples,n
n,Rotina,n,Rotina,n,Rotina,n,Rotina,n,Rotina,n,Rotina,n,Rotina,n,Rotina,n,Rotina,n,Rotina,n,Rotina,n,Rotina,n,Rotina,n,Rotina,n,Rotina,n,Rotina,n,Rotina,n,Rotina,n,Rotina,n,Rotina,n,Rotina,n,Rotina,n,Rotina,n,Rotina,n
Data,Valor [µg/m3],Flag,Valor [µg/m3],Flag,Valor [µg/m3],Flag,Valor [µg/m3],Flag,Valor [µg/m3],Flag,Valor [µg/m3],Flag,Valor [µg/m3],Flag,Valor [µg/m3],Flag,Valor [µg/m3],Flag,Valor [µg/m3],Flag,Valor [µg/m3],Flag,Valor [µg/m3],Flag,Valor [µg/m3],Flag,Valor [µg/m3],Flag,Valor [µg/m3],Flag,Valor [µg/m3],Flag,Valor [µg/m3],Flag,Valor [µg/m3],Flag,Valor [µg/m3],Flag,Valor [µg/m3],Flag,Valor [µg/m3],Flag,Valor [µg/m3],Flag,Valor [µg/m3],Flag,Valor [µg/m3],Flag
2024-01-02 00:30:00,19.1,n,n,n,22,n,n,n,n,n,n,n,17.4,n,n,n,9,n,n,n,6,n,n,n,20.5,n,n,n,17,n,n,n,8,n,n,n,8,n,n,n,13,n,n,n,6,n,n,n
2024-01-02 01:30:00,16,n,n,n,16,n,n,n,6,n,n,n,14.1,n,n,n,11,n,n,n,7,n,n,n,20.1,n,n,n,19,n,n,n,5,n,n,n,7,n,n,n,9,n,n,n,3,n,n,n
2024-01-02 02:30:00,23.3,n,n,n,16,n,n,n,6,n,n,n,11.1,n,n,n,6,n,n,n,5,n,n,n,18.6,n,n,n,20,n,n,n,7,n,n,n,15,n,n,n,12,n,n,n,5,n,n,n
2024-01-02 03:30:00,26.5,n,n,n,22,n,n,n,6,n,n,n,20.9,n,n,n,6,n,n,n,3,n,n,n,16.4,n,n,n,18,n,n,n,6,n,n,n,10,n,n,n,13,n,n,n,6,n,n,n
2024-01-02 04:30:00,16.6,n,n,n,17,n,n,n,3,n,n,n,17.1,n,n,n,8,n,n,n,n,n,n,n,23.6,n,n,n,20,n,n,n,8,n,n,n,11,n,n,n,12,n,n,n,7,n,n,n
2024-01-02 05:30:00,22.1,n,n,n,17,n,n,n,3,n,n,n,29.3,n,n,n,18,n,n,n,8,n,n,n,46.4,n,n,n,28,n,n,n,7,n,n,n,16,n,n,n,16,n,n,n,6,n,n,n
2024-01-02 06:30:00,25.4,n,n,n,20,n,n,n,5,n,n,n,50.3,n,n,n,22,n,n,n,6,n,n,n,34.7,n,n,n,20,n,n,n,6,n,n,n,11,n,n,n,9,n,n,n,3,n,n,n
2024-01-02 07:30:00,21.1,n,n,n,19,n,n,n,5,n,n,n,28.6,n,n,n,13,n,n,n,3,n,n,n,34.5,n,n,n,23,n,n,n,5,n,n,n,11,n,n,n,8,n,n,n,3,n,n,n
2024-01-02 08:30:00,27.5,n,n,n,19,n,n,n,6,n,n,n,25.4,n,n,n,9,n,n,n,n,n,n,n,28.1,n,n,n,19,n,n,n,5,n,n,n,7,n,n,n,12,n,n,n,6,n,n,n
2024-01-02 09:30:00,26.3,n,n,n,16,n,n,n,3,n,n,n,26.1,n,n,n,7,n,n,n,1,n,n,n,31.8,n,n,n,16,n,n,n,5,n,n,n,10,n,n,n,8,n,n,n,5,n,n,n
2024-01-02 10:30:00,25.8,n,n,n,12,n,n,n,2,n,n,n,24.2,n,n,n,5,n,n,n,5,n,n,n,30.1,n,n,n,17,n,n,n,11,n,n,n,7,n,n,n,5,n,n,n,5,n,n,n
2024-01-02 11:30:00,22.5,n,n,n,13,n,n,n,2,n,n,n,32.2,n,n,n,14,n,n,n,5,n,n,n,14.7,n,n,n,11,n,n,n,6,n,n,n,3,n,n,n,3,n,n,n,3,n,n,n
2024-01-02 12:30:00,4.1,n,n,n,n,n,n,n,n,n,n,n,19.3,n,n,n,5,n,n,n,3,n,n,n,21.3,n,n,n,13,n,n,n,1,n,n,n,4,n,n,n,8,n,n,n,3,n,n,n
2024-01-02 13:30:00,n,n,n,n,11,n,n,n,n,n,n,n,12.3,n,n,n,5,n,n,n,3,n,n,n,14.4,n,n,n,13,n,n,n,6,n,n,n,11,n,n,n,6,n,n,n,6,n,n,n
2024-01-02 14:30:00,19,n,n,n,12,n,n,n,1,n,n,n,25.8,n,n,n,n,n,n,n,3,n,n,n,32.4,n,n,n,20,n,n,n,5,n,n,n,11,n,n,n,6,n,n,n,6,n,n,n
2024-01-02 15:30:00,n,n,n,n,41,n,n,n,5,n,n,n,47.8,n,n,n,35,n,n,n,8,n,n,n,40.8,n,n,n,22,n,n,n,9,n,n,n,20,n,n,n,12,n,n,n,9,n,n,n
2024-01-02 16:30:00,n,n,n,n,13,n,n,n,3,n,n,n,50.8,n,n,n,19,n,n,n,6,n,n,n,128.9,n,n,n,46,n,n,n,9,n,n,n,31,n,n,n,18,n,n,n,8,n,n,n
2024-01-02 17:30:00,n,n,n,n,44,n,n,n,5,n,n,n,108.1,n,n,n,40,n,n,n,8,n,n,n,104.4,n,n,n,51,n,n,n,16,n,n,n,31,n,n,n,22,n,n,n,11,n,n,n
2024-01-02 18:30:00,36.8,n,n,n,24,n,n,n,8,n,n,n,40.9,n,n,n,12,n,n,n,9,n,n,n,46.1,n,n,n,29,n,n,n,12,n,n,n,15,n,n,n,16,n,n,n,11,n,n,n
2024-01-02 19:30:00,27.9,n,n,n,22,n,n,n,8,n,n,n,39.5,n,n,n,17,n,n,n,9,n,n,n,75.8,n,n,n,46,n,n,n,12,n,n,n,23,n,n,n,24,n,n,n,11,n,n,n
2024-01-02 20:30:00,41.5,n,n,n,31,n,n,n,8,n,n,n,52.7,n,n,n,27,n,n,n,5,n,n,n,67.6,n,n,n,36,n,n,n,12,n,n,n,23,n,n,n,17,n,n,n,8,n,n,n
2024-01-02 21:30:00,50.3,n,n,n,34,n,n,n,8,n,n,n,41.5,n,n,n,n,n,n,n,12,n,n,n,72.5,n,n,n,38,n,n,n,13,n,n,n,17,n,n,n,17,n,n,n,7,n,n,n
2024-01-02 22:30:00,34.1,n,n,n,38,n,n,n,12,n,n,n,26,n,n,n,n,n,n,n,8,n,n,n,48.7,n,n,n,35,n,n,n,11,n,n,n,9,n,n,n,8,n,n,n,5,n,n,n
2024-01-02 23:30:00,30.7,n,n,n,25,n,n,n,11,n,n,n,30.4,n,n,n,n,n,n,n,6,n,n,n,33.6,n,n,n,25,n,n,n,8,n,n,n,10,n,n,n,13,n,n,n,6,n,n,n
2024-02-02 00:30:00,21.4,n,n,n,23,n,n,n,n,n,n,n,23.6,n,n,n,n,n,n,n,n,n,n,n,36.6,n,n,n,24,n,n,n,8,n,n,n,15,n,n,n,18,n,n,n,8,n,n,n
2024-02-02 01:30:00,18.4,n,n,n,24,n,n,n,6,n,n,n,13.9,n,n,n,n,n,n,n,n,n,n,n,3.9,n,n,n,22,n,n,n,8,n,n,n,9,n,n,n,9,n,n,n,8,n,n,n
2024-02-02 02:30:00,12.2,n,n,n,18,n,n,n,3,n,n,n,17.4,n,n,n,n,n,n,n,n,n,n,n,9.4,n,n,n,14,n,n,n,6,n,n,n,8,n,n,n,9,n,n,n,7,n,n,n
2024-02-02 03:30:00,16.1,n,n,n,22,n,n,n,3,n,n,n,16.5,n,n,n,n,n,n,n,n,n,n,n,10.7,n,n,n,17,n,n,n,5,n,n,n,5,n,n,n,7,n,n,n,3,n,n,n
2024-02-02 04:30:00,18.9,n,n,n,17,n,n,n,5,n,n,n,20.1,n,n,n,n,n,n,n,n,n,n,n,14.9,n,n,n,14,n,n,n,3,n,n,n,11,n,n,n,11,n,n,n,5,n,n,n
2024-02-02 05:30:00,16.6,n,n,n,9,n,n,n,5,n,n,n,23.8,n,n,n,n,n,n,n,n,n,n,n,36.5,n,n,n,22,n,n,n,9,n,n,n,11,n,n,n,9,n,n,n,7,n,n,n
2024-02-02 06:30:00,16.5,n,n,n,17,n,n,n,5,n,n,n,46.7,n,n,n,n,n,n,n,n,n,n,n,41.8,n,n,n,24,n,n,n,8,n,n,n,19,n,n,n,17,n,n,n,3,n,n,n
2024-02-02 07:30:00,39.8,n,n,n,23,n,n,n,9,n,n,n,37.6,n,n,n,n,n,n,n,n,n,n,n,42.8,n,n,n,28,n,n,n,12,n,n,n,13,n,n,n,16,n,n,n,2,n,n,n
2024-02-02 08:30:00,35.2,n,n,n,22,n,n,n,11,n,n,n,1.4,n,n,n,n,n,n,n,n,n,n,n,14.5,n,n,n,28,n,n,n,8,n,n,n,12,n,n,n,16,n,n,n,8,n,n,n
2024-02-02 09:30:00,35.3,n,n,n,n,n,n,n,11,n,n,n,19.6,n,n,n,13,n,n,n,8,n,n,n,17.3,n,n,n,23,n,n,n,9,n,n,n,n,n,n,n,12,n,n,n,11,n,n,n
2024-02-02 10:30:00,34.3,n,n,n,25,n,n,n,7,n,n,n,21.7,n,n,n,13,n,n,n,7,n,n,n,23.3,n,n,n,20,n,n,n,9,n,n,n,n,n,n,n,14,n,n,n,9,n,n,n
2024-02-02 11:30:00,24.9,n,n,n,24,n,n,n,6,n,n,n,n,n,n,n,8,n,n,n,8,n,n,n,11,n,n,n,16,n,n,n,7,n,n,n,18,n,n,n,7,n,n,n,7,n,n,n
2024-02-02 12:30:00,24.3,n,n,n,20,n,n,n,5,n,n,n,16.2,n,n,n,11,n,n,n,8,n,n,n,22.9,n,n,n,19,n,n,n,5,n,n,n,14,n,n,n,12,n,n,n,14,n,n,n
2024-02-02 13:30:00,27.9,n,n,n,17,n,n,n,7,n,n,n,27.1,n,n,n,19,n,n,n,11,n,n,n,20.8,n,n,n,18,n,n,n,6,n,n,n,13,n,n,n,11,n,n,n,9,n,n,n
2024-02-02 14:30:00,19.1,n,n,n,18,n,n,n,6,n,n,n,31.8,n,n,n,12,n,n,n,6,n,n,n,30,n,n,n,17,n,n,n,9,n,n,n,24,n,n,n,13,n,n,n,8,n,n,n
2024-02-02 15:30:00,19.5,n,n,n,19,n,n,n,7,n,n,n,n,n,n,n,18,n,n,n,11,n,n,n,19.9,n,n,n,19,n,n,n,12,n,n,n,15,n,n,n,17,n,n,n,11,n,n,n
2024-02-02 16:30:00,15.6,n,n,n,16,n,n,n,7,n,n,n,12.2,n,n,n,12,n,n,n,8,n,n,n,17.6,n,n,n,22,n,n,n,11,n,n,n,17,n,n,n,7,n,n,n,9,n,n,n
2024-02-02 17:30:00,17.4,n,n,n,19,n,n,n,5,n,n,n,29.9,n,n,n,19,n,n,n,12,n,n,n,40.6,n,n,n,18,n,n,n,9,n,n,n,17,n,n,n,17,n,n,n,6,n,n,n
2024-02-02 18:30:00,25.3,n,n,n,16,n,n,n,3,n,n,n,46.9,n,n,n,12,n,n,n,8,n,n,n,52.2,n,n,n,29,n,n,n,11,n,n,n,21,n,n,n,9,n,n,n,1,n,n,n
2024-02-02 19:30:00,30.8,n,n,n,22,n,n,n,6,n,n,n,38.3,n,n,n,19,n,n,n,11,n,n,n,100.1,n,n,n,40,n,n,n,7,n,n,n,24,n,n,n,13,n,n,n,7,n,n,n
2024-02-02 20:30:00,46.6,n,n,n,44,n,n,n,13,n,n,n,34.1,n,n,n,16,n,n,n,12,n,n,n,84.4,n,n,n,40,n,n,n,11,n,n,n,32,n,n,n,18,n,n,n,8,n,n,n
2024-02-02 21:30:00,47.3,n,n,n,30,n,n,n,9,n,n,n,37.1,n,n,n,18,n,n,n,9,n,n,n,88.6,n,n,n,42,n,n,n,13,n,n,n,21,n,n,n,16,n,n,n,14,n,n,n
2024-02-02 22:30:00,44.7,n,n,n,25,n,n,n,9,n,n,n,35.8,n,n,n,20,n,n,n,11,n,n,n,48.2,n,n,n,34,n,n,n,9,n,n,n,21,n,n,n,18,n,n,n,8,n,n,n
2024-02-02 23:30:00,29,n,n,n,27,n,n,n,8,n,n,n,39.4,n,n,n,18,n,n,n,11,n,n,n,50.9,n,n,n,30,n,n,n,12,n,n,n,32,n,n,n,33,n,n,n,9,n,n,n
2024-03-02 00:30:00,30,n,n,n,22,n,n,n,n,n,n,n,44,n,n,n,20,n,n,n,9,n,n,n,40.5,n,n,n,28,n,n,n,8,n,n,n,24,n,n,n,18,n,n,n,11,n,n,n
2024-03-02 01:30:00,30.4,n,n,n,25,n,n,n,11,n,n,n,41.2,n,n,n,20,n,n,n,8,n,n,n,34.7,n,n,n,22,n,n,n,9,n,n,n,27,n,n,n,24,n,n,n,12,n,n,n
2024-03-02 02:30:00,27.1,n,n,n,22,n,n,n,7,n,n,n,30.4,n,n,n,19,n,n,n,12,n,n,n,33.7,n,n,n,19,n,n,n,7,n,n,n,18,n,n,n,23,n,n,n,9,n,n,n
2024-03-02 03:30:00,24.6,n,n,n,14,n,n,n,8,n,n,n,31.5,n,n,n,12,n,n,n,6,n,n,n,34.5,n,n,n,20,n,n,n,6,n,n,n,14,n,n,n,16,n,n,n,9,n,n,n
2024-03-02 04:30:00,17.4,n,n,n,19,n,n,n,5,n,n,n,18.7,n,n,n,11,n,n,n,2,n,n,n,21.9,n,n,n,18,n,n,n,11,n,n,n,14,n,n,n,13,n,n,n,7,n,n,n
2024-03-02 05:30:00,16.9,n,n,n,18,n,n,n,3,n,n,n,15.8,n,n,n,7,n,n,n,7,n,n,n,22.5,n,n,n,16,n,n,n,6,n,n,n,10,n,n,n,13,n,n,n,6,n,n,n
2024-03-02 06:30:00,13.3,n,n,n,12,n,n,n,6,n,n,n,19.2,n,n,n,3,n,n,n,7,n,n,n,17.1,n,n,n,16,n,n,n,6,n,n,n,9,n,n,n,11,n,n,n,7,n,n,n
2024-03-02 07:30:00,15.7,n,n,n,13,n,n,n,6,n,n,n,48.1,n,n,n,20,n,n,n,8,n,n,n,24,n,n,n,19,n,n,n,7,n,n,n,11,n,n,n,8,n,n,n,9,n,n,n
2024-03-02 08:30:00,18.5,n,n,n,12,n,n,n,5,n,n,n,11.5,n,n,n,8,n,n,n,5,n,n,n,24.5,n,n,n,17,n,n,n,6,n,n,n,6,n,n,n,6,n,n,n,6,n,n,n
2024-03-02 09:30:00,15.3,n,n,n,9,n,n,n,6,n,n,n,18.6,n,n,n,20,n,n,n,16,n,n,n,14,n,n,n,16,n,n,n,6,n,n,n,4,n,n,n,3,n,n,n,2,n,n,n
2024-03-02 10:30:00,11.4,n,n,n,7,n,n,n,6,n,n,n,32.8,n,n,n,23,n,n,n,19,n,n,n,13,n,n,n,19,n,n,n,6,n,n,n,6,n,n,n,6,n,n,n,6,n,n,n
2024-03-02 11:30:00,17.9,n,n,n,19,n,n,n,2,n,n,n,5.1,n,n,n,3,n,n,n,7,n,n,n,9.4,n,n,n,14,n,n,n,7,n,n,n,4,n,n,n,25,n,n,n,3,n,n,n
2024-03-02 12:30:00,15.7,n,n,n,13,n,n,n,1,n,n,n,4.6,n,n,n,3,n,n,n,3,n,n,n,18.4,n,n,n,17,n,n,n,5,n,n,n,4,n,n,n,1,n,n,n,1,n,n,n
2024-03-02 13:30:00,13.3,n,n,n,8,n,n,n,n,n,n,n,3.5,n,n,n,3,n,n,n,3,n,n,n,31,n,n,n,29,n,n,n,22,n,n,n,n,n,n,n,n,n,n,n,n,n,n,n
2024-03-02 14:30:00,16,n,n,n,19,n,n,n,n,n,n,n,7.3,n,n,n,2,n,n,n,3,n,n,n,13.3,n,n,n,16,n,n,n,13,n,n,n,n,n,n,n,n,n,n,n,n,n,n,n
2024-03-02 15:30:00,18.4,n,n,n,11,n,n,n,3,n,n,n,3.2,n,n,n,2,n,n,n,2,n,n,n,9.4,n,n,n,12,n,n,n,12,n,n,n,n,n,n,n,n,n,n,n,n,n,n,n
2024-03-02 16:30:00,20.8,n,n,n,17,n,n,n,5,n,n,n,8.5,n,n,n,3,n,n,n,2,n,n,n,13.8,n,n,n,14,n,n,n,7,n,n,n,10,n,n,n,2,n,n,n,n,n,n,n
2024-03-02 17:30:00,14.8,n,n,n,17,n,n,n,6,n,n,n,17.9,n,n,n,14,n,n,n,17,n,n,n,30.2,n,n,n,28,n,n,n,9,n,n,n,10,n,n,n,5,n,n,n,n,n,n,n
2024-03-02 18:30:00,16.9,n,n,n,17,n,n,n,5,n,n,n,49.9,n,n,n,23,n,n,n,24,n,n,n,31.8,n,n,n,22,n,n,n,13,n,n,n,13,n,n,n,5,n,n,n,1,n,n,n
2024-03-02 19:30:00,28.9,n,n,n,24,n,n,n,7,n,n,n,34.3,n,n,n,14,n,n,n,7,n,n,n,67.2,n,n,n,29,n,n,n,18,n,n,n,11,n,n,n,8,n,n,n,3,n,n,n
2024-03-02 20:30:00,54.4,n,n,n,41,n,n,n,9,n,n,n,21.9,n,n,n,9,n,n,n,6,n,n,n,54.3,n,n,n,34,n,n,n,9,n,n,n,17,n,n,n,12,n,n,n,6,n,n,n
2024-03-02 21:30:00,51.6,n,n,n,31,n,n,n,9,n,n,n,18.7,n,n,n,11,n,n,n,5,n,n,n,45.5,n,n,n,24,n,n,n,8,n,n,n,10,n,n,n,7,n,n,n,3,n,n,n
2024-03-02 22:30:00,43,n,n,n,29,n,n,n,7,n,n,n,17.9,n,n,n,11,n,n,n,6,n,n,n,40.9,n,n,n,28,n,n,n,9,n,n,n,12,n,n,n,12,n,n,n,6,n,n,n
2024-03-02 23:30:00,37.1,n,n,n,28,n,n,n,6,n,n,n,19.6,n,n,n,9,n,n,n,7,n,n,n,36.9,n,n,n,24,n,n,n,7,n,n,n,10,n,n,n,12,n,n,n,5,n,n,n
2024-04-02 00:30:00,32.1,n,n,n,30,n,n,n,9,n,n,n,19.7,n,n,n,8,n,n,n,5,n,n,n,33.9,n,n,n,25,n,n,n,n,n,n,n,15,n,n,n,13,n,n,n,3,n,n,n
2024-04-02 01:30:00,26.2,n,n,n,23,n,n,n,8,n,n,n,25.1,n,n,n,7,n,n,n,6,n,n,n,35.2,n,n,n,24,n,n,n,3,n,n,n,19,n,n,n,9,n,n,n,7,n,n,n
2024-04-02 02:30:00,26.6,n,n,n,18,n,n,n,7,n,n,n,23.6,n,n,n,8,n,n,n,8,n,n,n,33.1,n,n,n,24,n,n,n,7,n,n,n,13,n,n,n,13,n,n,n,6,n,n,n
2024-04-02 03:30:00,18.6,n,n,n,22,n,n,n,8,n,n,n,15.9,n,n,n,11,n,n,n,6,n,n,n,29.5,n,n,n,25,n,n,n,6,n,n,n,11,n,n,n,12,n,n,n,3,n,n,n
2024-04-02 04:30:00,15.1,n,n,n,16,n,n,n,7,n,n,n,17.8,n,n,n,8,n,n,n,5,n,n,n,24.6,n,n,n,24,n,n,n,7,n,n,n,10,n,n,n,12,n,n,n,6,n,n,n
2024-04-02 05:30:00,15.8,n,n,n,6,n,n,n,5,n,n,n,18.5,n,n,n,9,n,n,n,6,n,n,n,22.8,n,n,n,23,n,n,n,5,n,n,n,15,n,n,n,14,n,n,n,6,n,n,n
2024-04-02 06:30:00,16.8,n,n,n,19,n,n,n,3,n,n,n,24.7,n,n,n,12,n,n,n,6,n,n,n,23,n,n,n,18,n,n,n,2,n,n,n,12,n,n,n,9,n,n,n,5,n,n,n
2024-04-02 07:30:00,14.5,n,n,n,14,n,n,n,6,n,n,n,10.4,n,n,n,8,n,n,n,5,n,n,n,12.8,n,n,n,17,n,n,n,7,n,n,n,14,n,n,n,8,n,n,n,7,n,n,n
2024-04-02 08:30:00,12.6,n,n,n,18,n,n,n,6,n,n,n,1.8,n,n,n,6,n,n,n,3,n,n,n,9,n,n,n,16,n,n,n,8,n,n,n,9,n,n,n,3,n,n,n,6,n,n,n
2024-04-02 09:30:00,13,n,n,n,13,n,n,n,6,n,n,n,8.2,n,n,n,2,n,n,n,6,n,n,n,8.4,n,n,n,14,n,n,n,7,n,n,n,8,n,n,n,6,n,n,n,5,n,n,n
2024-04-02 10:30:00,11,n,n,n,12,n,n,n,3,n,n,n,10.5,n,n,n,2,n,n,n,7,n,n,n,8.7,n,n,n,18,n,n,n,3,n,n,n,6,n,n,n,7,n,n,n,5,n,n,n
2024-04-02 11:30:00,9.7,n,n,n,14,n,n,n,3,n,n,n,16.5,n,n,n,7,n,n,n,5,n,n,n,8.9,n,n,n,9,n,n,n,2,n,n,n,7,n,n,n,6,n,n,n,1,n,n,n
2024-04-02 12:30:00,12.5,n,n,n,18,n,n,n,3,n,n,n,6,n,n,n,5,n,n,n,7,n,n,n,8.1,n,n,n,9,n,n,n,6,n,n,n,6,n,n,n,6,n,n,n,6,n,n,n
2024-04-02 13:30:00,11,n,n,n,9,n,n,n,1,n,n,n,25.2,n,n,n,3,n,n,n,5,n,n,n,13.4,n,n,n,12,n,n,n,5,n,n,n,7,n,n,n,5,n,n,n,5,n,n,n
2024-04-02 14:30:00,8,n,n,n,11,n,n,n,2,n,n,n,3.9,n,n,n,5,n,n,n,5,n,n,n,0.6,n,n,n,9,n,n,n,5,n,n,n,6,n,n,n,12,n,n,n,5,n,n,n
2024-04-02 15:30:00,2.6,n,n,n,n,n,n,n,n,n,n,n,10.7,n,n,n,3,n,n,n,5,n,n,n,4,n,n,n,9,n,n,n,5,n,n,n,5,n,n,n,9,n,n,n,3,n,n,n
2024-04-02 16:30:00,n,n,n,n,8,n,n,n,n,n,n,n,18.7,n,n,n,3,n,n,n,3,n,n,n,19,n,n,n,8,n,n,n,8,n,n,n,8,n,n,n,8,n,n,n,1,n,n,n
2024-04-02 17:30:00,22.7,n,n,n,24,n,n,n,6,n,n,n,16.9,n,n,n,6,n,n,n,3,n,n,n,25.5,n,n,n,17,n,n,n,14,n,n,n,10,n,n,n,9,n,n,n,3,n,n,n
2024-04-02 18:30:00,20.5,n,n,n,18,n,n,n,5,n,n,n,23.2,n,n,n,8,n,n,n,5,n,n,n,28.9,n,n,n,14,n,n,n,9,n,n,n,10,n,n,n,9,n,n,n,6,n,n,n
2024-04-02 19:30:00,33.9,n,n,n,29,n,n,n,5,n,n,n,29.6,n,n,n,13,n,n,n,8,n,n,n,61.9,n,n,n,35,n,n,n,9,n,n,n,19,n,n,n,9,n,n,n,6,n,n,n
2024-04-02 20:30:00,44.1,n,n,n,29,n,n,n,6,n,n,n,20.6,n,n,n,11,n,n,n,8,n,n,n,57.7,n,n,n,27,n,n,n,14,n,n,n,12,n,n,n,12,n,n,n,5,n,n,n
2024-04-02 21:30:00,43.3,n,n,n,22,n,n,n,6,n,n,n,23.2,n,n,n,11,n,n,n,7,n,n,n,45.7,n,n,n,25,n,n,n,13,n,n,n,14,n,n,n,12,n,n,n,3,n,n,n
2024-04-02 22:30:00,37.4,n,n,n,25,n,n,n,6,n,n,n,28.8,n,n,n,18,n,n,n,8,n,n,n,35.3,n,n,n,25,n,n,n,12,n,n,n,14,n,n,n,11,n,n,n,11,n,n,n
2024-04-02 23:30:00,45.5,n,n,n,36,n,n,n,7,n,n,n,22,n,n,n,9,n,n,n,7,n,n,n,27.6,n,n,n,27,n,n,n,9,n,n,n,11,n,n,n,8,n,n,n,7,n,n,n
2024-05-02 00:30:00,37,n,n,n,22,n,n,n,n,n,n,n,27.7,n,n,n,18,n,n,n,9,n,n,n,27.4,n,n,n,20,n,n,n,n,n,n,n,9,n,n,n,8,n,n,n,5,n,n,n
2024-05-02 01:30:00,37.4,n,n,n,18,n,n,n,8,n,n,n,28.6,n,n,n,11,n,n,n,7,n,n,n,23.2,n,n,n,16,n,n,n,8,n,n,n,17,n,n,n,12,n,n,n,6,n,n,n
2024-05-02 02:30:00,25.9,n,n,n,27,n,n,n,6,n,n,n,26.8,n,n,n,8,n,n,n,6,n,n,n,24.5,n,n,n,23,n,n,n,7,n,n,n,12,n,n,n,9,n,n,n,7,n,n,n
2024-05-02 03:30:00,27.5,n,n,n,16,n,n,n,5,n,n,n,25.4,n,n,n,13,n,n,n,8,n,n,n,19.4,n,n,n,16,n,n,n,3,n,n,n,11,n,n,n,11,n,n,n,5,n,n,n
2024-05-02 04:30:00,20,n,n,n,18,n,n,n,5,n,n,n,22.8,n,n,n,11,n,n,n,6,n,n,n,25.7,n,n,n,23,n,n,n,3,n,n,n,10,n,n,n,9,n,n,n,2,n,n,n
2024-05-02 05:30:00,18.4,n,n,n,14,n,n,n,3,n,n,n,18.1,n,n,n,11,n,n,n,5,n,n,n,38.6,n,n,n,27,n,n,n,6,n,n,n,9,n,n,n,9,n,n,n,3,n,n,n
2024-05-02 06:30:00,18.6,n,n,n,11,n,n,n,7,n,n,n,28.9,n,n,n,18,n,n,n,6,n,n,n,49.7,n,n,n,30,n,n,n,8,n,n,n,20,n,n,n,11,n,n,n,8,n,n,n
2024-05-02 07:30:00,23.9,n,n,n,20,n,n,n,7,n,n,n,29.7,n,n,n,5,n,n,n,5,n,n,n,31.9,n,n,n,22,n,n,n,11,n,n,n,12,n,n,n,8,n,n,n,7,n,n,n
2024-05-02 08:30:00,24.4,n,n,n,20,n,n,n,6,n,n,n,12.3,n,n,n,9,n,n,n,8,n,n,n,26.1,n,n,n,20,n,n,n,12,n,n,n,8,n,n,n,8,n,n,n,3,n,n,n
2024-05-02 09:30:00,20,n,n,n,16,n,n,n,5,n,n,n,22.5,n,n,n,9,n,n,n,n,n,n,n,25,n,n,n,19,n,n,n,6,n,n,n,11,n,n,n,8,n,n,n,1,n,n,n
2024-05-02 10:30:00,37.8,n,n,n,17,n,n,n,5,n,n,n,8.8,n,n,n,8,n,n,n,6,n,n,n,19,n,n,n,17,n,n,n,3,n,n,n,9,n,n,n,8,n,n,n,3,n,n,n
2024-05-02 11:30:00,21.9,n,n,n,14,n,n,n,6,n,n,n,19.2,n,n,n,9,n,n,n,6,n,n,n,29.4,n,n,n,24,n,n,n,7,n,n,n,21,n,n,n,14,n,n,n,9,n,n,n
2024-05-02 12:30:00,17.1,n,n,n,13,n,n,n,5,n,n,n,10.2,n,n,n,8,n,n,n,9,n,n,n,22.9,n,n,n,16,n,n,n,8,n,n,n,17,n,n,n,13,n,n,n,6,n,n,n
2024-05-02 13:30:00,17.3,n,n,n,14,n,n,n,5,n,n,n,7.7,n,n,n,8,n,n,n,8,n,n,n,15.5,n,n,n,16,n,n,n,7,n,n,n,13,n,n,n,12,n,n,n,6,n,n,n
2024-05-02 14:30:00,17.1,n,n,n,17,n,n,n,6,n,n,n,25.9,n,n,n,7,n,n,n,6,n,n,n,30.1,n,n,n,27,n,n,n,6,n,n,n,21,n,n,n,16,n,n,n,6,n,n,n
2024-05-02 15:30:00,31.1,n,n,n,19,n,n,n,5,n,n,n,27.4,n,n,n,8,n,n,n,5,n,n,n,33.9,n,n,n,23,n,n,n,8,n,n,n,15,n,n,n,13,n,n,n,6,n,n,n
2024-05-02 16:30:00,41.8,n,n,n,27,n,n,n,3,n,n,n,35.1,n,n,n,12,n,n,n,12,n,n,n,39.8,n,n,n,23,n,n,n,17,n,n,n,16,n,n,n,11,n,n,n,5,n,n,n
2024-05-02 17:30:00,53,n,n,n,31,n,n,n,8,n,n,n,47.2,n,n,n,14,n,n,n,11,n,n,n,79.6,n,n,n,41,n,n,n,23,n,n,n,16,n,n,n,11,n,n,n,6,n,n,n
2024-05-02 18:30:00,35.8,n,n,n,19,n,n,n,6,n,n,n,26.2,n,n,n,16,n,n,n,8,n,n,n,41.5,n,n,n,27,n,n,n,16,n,n,n,21,n,n,n,13,n,n,n,6,n,n,n
2024-05-02 19:30:00,27.9,n,n,n,20,n,n,n,8,n,n,n,41.6,n,n,n,13,n,n,n,11,n,n,n,52.9,n,n,n,24,n,n,n,11,n,n,n,20,n,n,n,13,n,n,n,8,n,n,n
2024-05-02 20:30:00,28.3,n,n,n,24,n,n,n,6,n,n,n,34.6,n,n,n,17,n,n,n,12,n,n,n,44.8,n,n,n,24,n,n,n,11,n,n,n,16,n,n,n,19,n,n,n,11,n,n,n
2024-05-02 21:30:00,31.8,n,n,n,27,n,n,n,7,n,n,n,29.6,n,n,n,14,n,n,n,13,n,n,n,41.1,n,n,n,29,n,n,n,8,n,n,n,16,n,n,n,16,n,n,n,11,n,n,n
2024-05-02 22:30:00,35.8,n,n,n,23,n,n,n,7,n,n,n,29.6,n,n,n,12,n,n,n,7,n,n,n,36.1,n,n,n,25,n,n,n,8,n,n,n,22,n,n,n,16,n,n,n,8,n,n,n
2024-05-02 23:30:00,25.2,n,n,n,19,n,n,n,11,n,n,n,30.3,n,n,n,14,n,n,n,13,n,n,n,30.6,n,n,n,22,n,n,n,11,n,n,n,15,n,n,n,19,n,n,n,12,n,n,n
2024-06-02 00:30:00,22.7,n,n,n,11,n,n,n,n,n,n,n,24.8,n,n,n,17,n,n,n,9,n,n,n,28.2,n,n,n,19,n,n,n,n,n,n,n,15,n,n,n,14,n,n,n,7,n,n,n
2024-06-02 01:30:00,16.3,n,n,n,14,n,n,n,5,n,n,n,13.2,n,n,n,3,n,n,n,7,n,n,n,19.3,n,n,n,19,n,n,n,5,n,n,n,14,n,n,n,11,n,n,n,3,n,n,n
2024-06-02 02:30:00,17.5,n,n,n,11,n,n,n,9,n,n,n,19.4,n,n,n,11,n,n,n,9,n,n,n,14.5,n,n,n,19,n,n,n,14,n,n,n,10,n,n,n,11,n,n,n,7,n,n,n
2024-06-02 03:30:00,27,n,n,n,14,n,n,n,7,n,n,n,12.6,n,n,n,7,n,n,n,8,n,n,n,19.1,n,n,n,14,n,n,n,8,n,n,n,16,n,n,n,18,n,n,n,6,n,n,n
2024-06-02 04:30:00,17.4,n,n,n,17,n,n,n,6,n,n,n,23.5,n,n,n,7,n,n,n,9,n,n,n,22.3,n,n,n,13,n,n,n,7,n,n,n,14,n,n,n,20,n,n,n,5,n,n,n
2024-06-02 05:30:00,21.7,n,n,n,19,n,n,n,7,n,n,n,18.5,n,n,n,9,n,n,n,7,n,n,n,24.4,n,n,n,24,n,n,n,7,n,n,n,27,n,n,n,17,n,n,n,8,n,n,n
2024-06-02 06:30:00,25.1,n,n,n,20,n,n,n,7,n,n,n,38.7,n,n,n,18,n,n,n,12,n,n,n,52.5,n,n,n,30,n,n,n,11,n,n,n,24,n,n,n,18,n,n,n,12,n,n,n
2024-06-02 07:30:00,24.7,n,n,n,25,n,n,n,9,n,n,n,43.7,n,n,n,18,n,n,n,12,n,n,n,51.2,n,n,n,29,n,n,n,12,n,n,n,37,n,n,n,23,n,n,n,9,n,n,n
2024-06-02 08:30:00,24,n,n,n,22,n,n,n,14,n,n,n,37.3,n,n,n,18,n,n,n,11,n,n,n,36.4,n,n,n,27,n,n,n,11,n,n,n,22,n,n,n,17,n,n,n,9,n,n,n
2024-06-02 09:30:00,27.4,n,n,n,27,n,n,n,7,n,n,n,7.4,n,n,n,n,n,n,n,8,n,n,n,14.6,n,n,n,23,n,n,n,9,n,n,n,14,n,n,n,11,n,n,n,6,n,n,n
2024-06-02 10:30:00,20.3,n,n,n,n,n,n,n,5,n,n,n,28.1,n,n,n,2,n,n,n,8,n,n,n,26.2,n,n,n,12,n,n,n,9,n,n,n,14,n,n,n,8,n,n,n,5,n,n,n
2024-06-02 11:30:00,17.1,n,n,n,1,n,n,n,5,n,n,n,8.6,n,n,n,1,n,n,n,9,n,n,n,9.6,n,n,n,13,n,n,n,6,n,n,n,8,n,n,n,6,n,n,n,2,n,n,n
2024-06-02 12:30:00,16.1,n,n,n,11,n,n,n,6,n,n,n,24.1,n,n,n,6,n,n,n,7,n,n,n,12.3,n,n,n,11,n,n,n,3,n,n,n,4,n,n,n,6,n,n,n,2,n,n,n
2024-06-02 13:30:00,11.7,n,n,n,11,n,n,n,6,n,n,n,18.2,n,n,n,3,n,n,n,3,n,n,n,24.8,n,n,n,n,n,n,n,n,n,n,n,2,n,n,n,3,n,n,n,2,n,n,n
2024-06-02 14:30:00,20.2,n,n,n,16,n,n,n,n,n,n,n,16.7,n,n,n,5,n,n,n,8,n,n,n,24.1,n,n,n,16,n,n,n,n,n,n,n,8,n,n,n,3,n,n,n,5,n,n,n
2024-06-02 15:30:00,28.1,n,n,n,16,n,n,n,6,n,n,n,40.1,n,n,n,5,n,n,n,9,n,n,n,19.5,n,n,n,17,n,n,n,7,n,n,n,12,n,n,n,8,n,n,n,5,n,n,n
2024-06-02 16:30:00,24.2,n,n,n,12,n,n,n,6,n,n,n,18,n,n,n,n,n,n,n,9,n,n,n,17.2,n,n,n,20,n,n,n,3,n,n,n,11,n,n,n,6,n,n,n,5,n,n,n
2024-06-02 17:30:00,34.8,n,n,n,28,n,n,n,7,n,n,n,51.9,n,n,n,n,n,n,n,7,n,n,n,40.2,n,n,n,24,n,n,n,6,n,n,n,16,n,n,n,13,n,n,n,8,n,n,n
2024-06-02 18:30:00,44.8,n,n,n,30,n,n,n,9,n,n,n,71.9,n,n,n,n,n,n,n,6,n,n,n,75.3,n,n,n,41,n,n,n,11,n,n,n,16,n,n,n,13,n,n,n,5,n,n,n
2024-06-02 19:30:00,25.9,n,n,n,20,n,n,n,8,n,n,n,36.2,n,n,n,n,n,n,n,11,n,n,n,33.7,n,n,n,28,n,n,n,8,n,n,n,11,n,n,n,9,n,n,n,7,n,n,n
2024-06-02 20:30:00,14.3,n,n,n,11,n,n,n,5,n,n,n,31.6,n,n,n,n,n,n,n,9,n,n,n,17.9,n,n,n,20,n,n,n,8,n,n,n,11,n,n,n,5,n,n,n,7,n,n,n
2024-06-02 21:30:00,10.3,n,n,n,13,n,n,n,5,n,n,n,15.9,n,n,n,n,n,n,n,13,n,n,n,14,n,n,n,8,n,n,n,5,n,n,n,7,n,n,n,n,n,n,n,3,n,n,n
2024-06-02 22:30:00,11.2,n,n,n,17,n,n,n,7,n,n,n,6.7,n,n,n,n,n,n,n,8,n,n,n,6.9,n,n,n,9,n,n,n,2,n,n,n,9,n,n,n,5,n,n,n,5,n,n,n
2024-06-02 23:30:00,12.8,n,n,n,17,n,n,n,6,n,n,n,4.6,n,n,n,n,n,n,n,6,n,n,n,9.7,n,n,n,12,n,n,n,2,n,n,n,5,n,n,n,8,n,n,n,6,n,n,n
2024-07-02 00:30:00,11.6,n,n,n,8,n,n,n,n,n,n,n,14.9,n,n,n,n,n,n,n,7,n,n,n,10,n,n,n,9,n,n,n,n,n,n,n,3,n,n,n,9,n,n,n,3,n,n,n
2024-07-02 01:30:00,13.7,n,n,n,22,n,n,n,3,n,n,n,11.9,n,n,n,n,n,n,n,7,n,n,n,9.5,n,n,n,14,n,n,n,n,n,n,n,8,n,n,n,7,n,n,n,5,n,n,n
2024-07-02 02:30:00,13.6,n,n,n,17,n,n,n,6,n,n,n,7.3,n,n,n,n,n,n,n,6,n,n,n,17.4,n,n,n,19,n,n,n,n,n,n,n,9,n,n,n,13,n,n,n,5,n,n,n
2024-07-02 03:30:00,11.6,n,n,n,9,n,n,n,3,n,n,n,9,n,n,n,n,n,n,n,3,n,n,n,22.1,n,n,n,22,n,n,n,n,n,n,n,6,n,n,n,11,n,n,n,5,n,n,n
2024-07-02 04:30:00,13.5,n,n,n,14,n,n,n,5,n,n,n,29.1,n,n,n,n,n,n,n,8,n,n,n,26.5,n,n,n,20,n,n,n,1,n,n,n,13,n,n,n,9,n,n,n,3,n,n,n
2024-07-02 05:30:00,9.6,n,n,n,n,n,n,n,n,n,n,n,47.4,n,n,n,n,n,n,n,5,n,n,n,43,n,n,n,27,n,n,n,2,n,n,n,22,n,n,n,13,n,n,n,6,n,n,n
2024-07-02 06:30:00,n,n,n,n,12,n,n,n,n,n,n,n,55.3,n,n,n,n,n,n,n,6,n,n,n,56,n,n,n,31,n,n,n,5,n,n,n,25,n,n,n,17,n,n,n,3,n,n,n
2024-07-02 07:30:00,25.7,n,n,n,17,n,n,n,6,n,n,n,43.9,n,n,n,n,n,n,n,6,n,n,n,45.5,n,n,n,24,n,n,n,9,n,n,n,24,n,n,n,16,n,n,n,2,n,n,n
2024-07-02 08:30:00,28.2,n,n,n,19,n,n,n,5,n,n,n,65.2,n,n,n,n,n,n,n,8,n,n,n,35.3,n,n,n,22,n,n,n,7,n,n,n,17,n,n,n,8,n,n,n,3,n,n,n
2024-07-02 09:30:00,22.6,n,n,n,24,n,n,n,n,n,n,n,31.4,n,n,n,n,n,n,n,6,n,n,n,30.6,n,n,n,18,n,n,n,5,n,n,n,12,n,n,n,8,n,n,n,6,n,n,n
2024-07-02 10:30:00,19.5,n,n,n,18,n,n,n,n,n,n,n,35.2,n,n,n,3,n,n,n,6,n,n,n,39.6,n,n,n,23,n,n,n,5,n,n,n,8,n,n,n,14,n,n,n,6,n,n,n
2024-07-02 11:30:00,22.7,n,n,n,29,n,n,n,n,n,n,n,21.7,n,n,n,7,n,n,n,7,n,n,n,17.6,n,n,n,16,n,n,n,6,n,n,n,n,n,n,n,16,n,n,n,7,n,n,n
2024-07-02 12:30:00,13,n,n,n,18,n,n,n,1,n,n,n,9.2,n,n,n,5,n,n,n,5,n,n,n,22,n,n,n,14,n,n,n,6,n,n,n,11,n,n,n,17,n,n,n,7,n,n,n
2024-07-02 13:30:00,17.3,n,n,n,17,n,n,n,6,n,n,n,30,n,n,n,5,n,n,n,6,n,n,n,17.1,n,n,n,16,n,n,n,5,n,n,n,14,n,n,n,6,n,n,n,6,n,n,n
2024-07-02 14:30:00,28.7,n,n,n,16,n,n,n,8,n,n,n,28.1,n,n,n,11,n,n,n,7,n,n,n,38.1,n,n,n,19,n,n,n,6,n,n,n,12,n,n,n,7,n,n,n,3,n,n,n
2024-07-02 15:30:00,17.9,n,n,n,20,n,n,n,3,n,n,n,38.3,n,n,n,9,n,n,n,7,n,n,n,53.9,n,n,n,28,n,n,n,3,n,n,n,15,n,n,n,8,n,n,n,5,n,n,n
2024-07-02 16:30:00,17.9,n,n,n,13,n,n,n,9,n,n,n,32.8,n,n,n,11,n,n,n,3,n,n,n,32.8,n,n,n,18,n,n,n,12,n,n,n,14,n,n,n,11,n,n,n,3,n,n,n
2024-07-02 17:30:00,14.9,n,n,n,9,n,n,n,8,n,n,n,20.9,n,n,n,8,n,n,n,3,n,n,n,25,n,n,n,18,n,n,n,11,n,n,n,14,n,n,n,7,n,n,n,2,n,n,n
2024-07-02 18:30:00,18.4,n,n,n,12,n,n,n,9,n,n,n,24.2,n,n,n,11,n,n,n,7,n,n,n,64.6,n,n,n,40,n,n,n,12,n,n,n,21,n,n,n,9,n,n,n,3,n,n,n
2024-07-02 19:30:00,22.3,n,n,n,17,n,n,n,11,n,n,n,53.2,n,n,n,29,n,n,n,13,n,n,n,87.2,n,n,n,44,n,n,n,17,n,n,n,22,n,n,n,17,n,n,n,7,n,n,n
2024-07-02 20:30:00,29.1,n,n,n,25,n,n,n,14,n,n,n,66.2,n,n,n,34,n,n,n,13,n,n,n,60.2,n,n,n,35,n,n,n,17,n,n,n,13,n,n,n,9,n,n,n,6,n,n,n
2024-07-02 21:30:00,18.7,n,n,n,13,n,n,n,1,n,n,n,28.4,n,n,n,12,n,n,n,11,n,n,n,26.4,n,n,n,20,n,n,n,8,n,n,n,10,n,n,n,14,n,n,n,7,n,n,n
2024-07-02 22:30:00,14.5,n,n,n,11,n,n,n,3,n,n,n,11.3,n,n,n,9,n,n,n,8,n,n,n,26.3,n,n,n,24,n,n,n,5,n,n,n,8,n,n,n,5,n,n,n,6,n,n,n
2024-07-02 23:30:00,13,n,n,n,12,n,n,n,5,n,n,n,17.8,n,n,n,8,n,n,n,6,n,n,n,15.7,n,n,n,20,n,n,n,5,n,n,n,5,n,n,n,6,n,n,n,5,n,n,n
2024-08-02 00:30:00,15.7,n,n,n,14,n,n,n,6,n,n,n,7.3,n,n,n,7,n,n,n,3,n,n,n,10.2,n,n,n,14,n,n,n,n,n,n,n,7,n,n,n,6,n,n,n,3,n,n,n
2024-08-02 01:30:00,15.5,n,n,n,11,n,n,n,5,n,n,n,14.2,n,n,n,5,n,n,n,5,n,n,n,13.7,n,n,n,8,n,n,n,n,n,n,n,5,n,n,n,11,n,n,n,6,n,n,n
2024-08-02 02:30:00,17.3,n,n,n,16,n,n,n,6,n,n,n,14.7,n,n,n,8,n,n,n,7,n,n,n,16.6,n,n,n,7,n,n,n,n,n,n,n,6,n,n,n,6,n,n,n,3,n,n,n
2024-08-02 03:30:00,16.1,n,n,n,16,n,n,n,5,n,n,n,12.9,n,n,n,8,n,n,n,6,n,n,n,23.2,n,n,n,22,n,n,n,n,n,n,n,10,n,n,n,13,n,n,n,7,n,n,n
2024-08-02 04:30:00,15.4,n,n,n,7,n,n,n,2,n,n,n,15.8,n,n,n,8,n,n,n,8,n,n,n,28.2,n,n,n,20,n,n,n,n,n,n,n,7,n,n,n,12,n,n,n,5,n,n,n
2024-08-02 05:30:00,17.9,n,n,n,17,n,n,n,5,n,n,n,28.5,n,n,n,13,n,n,n,6,n,n,n,40.1,n,n,n,23,n,n,n,n,n,n,n,14,n,n,n,14,n,n,n,7,n,n,n
2024-08-02 06:30:00,19.3,n,n,n,19,n,n,n,7,n,n,n,38,n,n,n,19,n,n,n,7,n,n,n,37.7,n,n,n,25,n,n,n,n,n,n,n,14,n,n,n,8,n,n,n,7,n,n,n
2024-08-02 07:30:00,19,n,n,n,22,n,n,n,5,n,n,n,24.6,n,n,n,12,n,n,n,8,n,n,n,31,n,n,n,24,n,n,n,n,n,n,n,10,n,n,n,7,n,n,n,8,n,n,n
2024-08-02 08:30:00,16.2,n,n,n,14,n,n,n,3,n,n,n,20.9,n,n,n,11,n,n,n,8,n,n,n,15.3,n,n,n,17,n,n,n,n,n,n,n,8,n,n,n,8,n,n,n,6,n,n,n
2024-08-02 09:30:00,13.5,n,n,n,9,n,n,n,1,n,n,n,23.7,n,n,n,6,n,n,n,7,n,n,n,16,n,n,n,8,n,n,n,n,n,n,n,6,n,n,n,11,n,n,n,3,n,n,n
2024-08-02 10:30:00,12,n,n,n,11,n,n,n,5,n,n,n,9.9,n,n,n,3,n,n,n,11,n,n,n,8.6,n,n,n,30,n,n,n,n,n,n,n,16,n,n,n,7,n,n,n,7,n,n,n
2024-08-02 11:30:00,8.6,n,n,n,n,n,n,n,n,n,n,n,21.6,n,n,n,11,n,n,n,14,n,n,n,13.3,n,n,n,14,n,n,n,1,n,n,n,8,n,n,n,5,n,n,n,6,n,n,n
2024-08-02 12:30:00,n,n,n,n,11,n,n,n,8,n,n,n,16.4,n,n,n,5,n,n,n,9,n,n,n,18.2,n,n,n,12,n,n,n,6,n,n,n,6,n,n,n,5,n,n,n,3,n,n,n
2024-08-02 13:30:00,15.7,n,n,n,7,n,n,n,5,n,n,n,22.7,n,n,n,9,n,n,n,7,n,n,n,33.2,n,n,n,16,n,n,n,6,n,n,n,15,n,n,n,12,n,n,n,2,n,n,n
2024-08-02 14:30:00,19.1,n,n,n,8,n,n,n,1,n,n,n,35.5,n,n,n,9,n,n,n,6,n,n,n,24,n,n,n,11,n,n,n,6,n,n,n,9,n,n,n,9,n,n,n,7,n,n,n
2024-08-02 15:30:00,12.5,n,n,n,17,n,n,n,5,n,n,n,35.3,n,n,n,13,n,n,n,7,n,n,n,17.7,n,n,n,9,n,n,n,6,n,n,n,21,n,n,n,25,n,n,n,28,n,n,n
2024-08-02 16:30:00,9.9,n,n,n,14,n,n,n,3,n,n,n,10.5,n,n,n,9,n,n,n,9,n,n,n,12.6,n,n,n,12,n,n,n,6,n,n,n,8,n,n,n,11,n,n,n,5,n,n,n
2024-08-02 17:30:00,n,n,n,n,n,n,n,n,n,n,n,n,23.2,n,n,n,16,n,n,n,9,n,n,n,20.7,n,n,n,14,n,n,n,3,n,n,n,9,n,n,n,7,n,n,n,2,n,n,n
2024-08-02 18:30:00,n,n,n,n,n,n,n,n,n,n,n,n,56,n,n,n,34,n,n,n,9,n,n,n,47.5,n,n,n,17,n,n,n,8,n,n,n,15,n,n,n,7,n,n,n,1,n,n,n
2024-08-02 19:30:00,52.2,n,n,n,34,n,n,n,2,n,n,n,45.4,n,n,n,19,n,n,n,7,n,n,n,76.3,n,n,n,35,n,n,n,11,n,n,n,13,n,n,n,7,n,n,n,6,n,n,n
2024-08-02 20:30:00,23.5,n,n,n,19,n,n,n,2,n,n,n,24.4,n,n,n,17,n,n,n,11,n,n,n,67.4,n,n,n,33,n,n,n,7,n,n,n,14,n,n,n,9,n,n,n,3,n,n,n
2024-08-02 21:30:00,20.1,n,n,n,11,n,n,n,2,n,n,n,25.5,n,n,n,8,n,n,n,9,n,n,n,49.3,n,n,n,31,n,n,n,11,n,n,n,8,n,n,n,7,n,n,n,3,n,n,n
2024-08-02 22:30:00,15.7,n,n,n,16,n,n,n,6,n,n,n,19.5,n,n,n,8,n,n,n,8,n,n,n,48.5,n,n,n,33,n,n,n,8,n,n,n,8,n,n,n,8,n,n,n,5,n,n,n
2024-08-02 23:30:00,13.5,n,n,n,7,n,n,n,5,n,n,n,32,n,n,n,17,n,n,n,7,n,n,n,34.4,n,n,n,23,n,n,n,9,n,n,n,19,n,n,n,16,n,n,n,2,n,n,n
2024-09-02 00:30:00,13.7,n,n,n,9,n,n,n,2,n,n,n,22.5,n,n,n,14,n,n,n,8,n,n,n,18.2,n,n,n,19,n,n,n,7,n,n,n,10,n,n,n,9,n,n,n,1,n,n,n
2024-09-02 01:30:00,16,n,n,n,13,n,n,n,2,n,n,n,22.1,n,n,n,12,n,n,n,8,n,n,n,43.9,n,n,n,24,n,n,n,6,n,n,n,6,n,n,n,5,n,n,n,11,n,n,n
2024-09-02 02:30:00,18.4,n,n,n,12,n,n,n,5,n,n,n,16.7,n,n,n,11,n,n,n,6,n,n,n,45.7,n,n,n,8,n,n,n,5,n,n,n,3,n,n,n,7,n,n,n,7,n,n,n
2024-09-02 03:30:00,29.6,n,n,n,7,n,n,n,3,n,n,n,23.5,n,n,n,7,n,n,n,7,n,n,n,39.7,n,n,n,5,n,n,n,3,n,n,n,3,n,n,n,8,n,n,n,3,n,n,n
2024-09-02 04:30:00,45.9,n,n,n,7,n,n,n,9,n,n,n,13.9,n,n,n,7,n,n,n,6,n,n,n,32,n,n,n,6,n,n,n,5,n,n,n,2,n,n,n,3,n,n,n,2,n,n,n
2024-09-02 05:30:00,29.2,n,n,n,7,n,n,n,7,n,n,n,14.3,n,n,n,3,n,n,n,7,n,n,n,24.1,n,n,n,11,n,n,n,2,n,n,n,6,n,n,n,3,n,n,n,6,n,n,n
2024-09-02 06:30:00,21.5,n,n,n,7,n,n,n,6,n,n,n,26.9,n,n,n,n,n,n,n,n,n,n,n,27.3,n,n,n,13,n,n,n,5,n,n,n,18,n,n,n,3,n,n,n,7,n,n,n
2024-09-02 07:30:00,n,n,n,n,n,n,n,n,n,n,n,n,21.1,n,n,n,8,n,n,n,6,n,n,n,30.2,n,n,n,19,n,n,n,7,n,n,n,26,n,n,n,8,n,n,n,7,n,n,n
2024-09-02 08:30:00,14.6,n,n,n,13,n,n,n,6,n,n,n,23.7,n,n,n,8,n,n,n,6,n,n,n,19.2,n,n,n,16,n,n,n,7,n,n,n,9,n,n,n,9,n,n,n,11,n,n,n
2024-09-02 09:30:00,11.9,n,n,n,12,n,n,n,5,n,n,n,10.3,n,n,n,5,n,n,n,n,n,n,n,24.1,n,n,n,16,n,n,n,6,n,n,n,7,n,n,n,8,n,n,n,7,n,n,n
2024-09-02 10:30:00,12.3,n,n,n,12,n,n,n,3,n,n,n,24.6,n,n,n,11,n,n,n,5,n,n,n,8.1,n,n,n,11,n,n,n,5,n,n,n,10,n,n,n,7,n,n,n,3,n,n,n
2024-09-02 11:30:00,13.2,n,n,n,6,n,n,n,3,n,n,n,17.1,n,n,n,8,n,n,n,7,n,n,n,24.8,n,n,n,16,n,n,n,7,n,n,n,6,n,n,n,3,n,n,n,2,n,n,n
2024-09-02 12:30:00,9.3,n,n,n,13,n,n,n,6,n,n,n,17.8,n,n,n,7,n,n,n,5,n,n,n,16.3,n,n,n,18,n,n,n,5,n,n,n,5,n,n,n,3,n,n,n,8,n,n,n
2024-09-02 13:30:00,11.9,n,n,n,9,n,n,n,6,n,n,n,19.6,n,n,n,9,n,n,n,6,n,n,n,24.2,n,n,n,17,n,n,n,5,n,n,n,12,n,n,n,8,n,n,n,9,n,n,n
2024-09-02 14:30:00,14.9,n,n,n,20,n,n,n,9,n,n,n,2,n,n,n,12,n,n,n,11,n,n,n,5.7,n,n,n,13,n,n,n,8,n,n,n,15,n,n,n,9,n,n,n,8,n,n,n
2024-09-02 15:30:00,18.9,n,n,n,11,n,n,n,6,n,n,n,25.5,n,n,n,7,n,n,n,6,n,n,n,20.6,n,n,n,11,n,n,n,6,n,n,n,15,n,n,n,7,n,n,n,3,n,n,n
2024-09-02 16:30:00,17.2,n,n,n,16,n,n,n,5,n,n,n,21.2,n,n,n,11,n,n,n,13,n,n,n,27.7,n,n,n,13,n,n,n,3,n,n,n,16,n,n,n,12,n,n,n,2,n,n,n
2024-09-02 17:30:00,15.7,n,n,n,7,n,n,n,5,n,n,n,27.6,n,n,n,20,n,n,n,9,n,n,n,32.3,n,n,n,17,n,n,n,6,n,n,n,14,n,n,n,8,n,n,n,7,n,n,n
2024-09-02 18:30:00,26.2,n,n,n,17,n,n,n,8,n,n,n,40.7,n,n,n,14,n,n,n,11,n,n,n,60,n,n,n,30,n,n,n,14,n,n,n,19,n,n,n,14,n,n,n,7,n,n,n
2024-09-02 19:30:00,36.9,n,n,n,22,n,n,n,9,n,n,n,47.7,n,n,n,18,n,n,n,14,n,n,n,128.7,n,n,n,56,n,n,n,13,n,n,n,12,n,n,n,11,n,n,n,6,n,n,n
2024-09-02 20:30:00,40.9,n,n,n,24,n,n,n,9,n,n,n,42.1,n,n,n,19,n,n,n,13,n,n,n,82.5,n,n,n,50,n,n,n,14,n,n,n,20,n,n,n,14,n,n,n,8,n,n,n
2024-09-02 21:30:00,35.7,n,n,n,17,n,n,n,7,n,n,n,32.7,n,n,n,19,n,n,n,8,n,n,n,69.9,n,n,n,36,n,n,n,13,n,n,n,18,n,n,n,12,n,n,n,8,n,n,n
2024-09-02 22:30:00,25.4,n,n,n,12,n,n,n,6,n,n,n,18.6,n,n,n,11,n,n,n,12,n,n,n,23.6,n,n,n,17,n,n,n,14,n,n,n,16,n,n,n,8,n,n,n,7,n,n,n
2024-09-02 23:30:00,12,n,n,n,9,n,n,n,2,n,n,n,7,n,n,n,7,n,n,n,7,n,n,n,12.8,n,n,n,13,n,n,n,7,n,n,n,11,n,n,n,14,n,n,n,6,n,n,n
2024-10-02 00:30:00,11.2,n,n,n,6,n,n,n,2,n,n,n,4.3,n,n,n,6,n,n,n,7,n,n,n,9.4,n,n,n,9,n,n,n,2,n,n,n,9,n,n,n,9,n,n,n,3,n,n,n
2024-10-02 01:30:00,8.5,n,n,n,7,n,n,n,2,n,n,n,19.7,n,n,n,7,n,n,n,6,n,n,n,11.7,n,n,n,8,n,n,n,3,n,n,n,12,n,n,n,11,n,n,n,3,n,n,n
2024-10-02 02:30:00,12,n,n,n,7,n,n,n,3,n,n,n,9.1,n,n,n,7,n,n,n,5,n,n,n,9.1,n,n,n,7,n,n,n,7,n,n,n,9,n,n,n,9,n,n,n,5,n,n,n
2024-10-02 03:30:00,9.8,n,n,n,7,n,n,n,2,n,n,n,11.3,n,n,n,n,n,n,n,5,n,n,n,8.4,n,n,n,11,n,n,n,6,n,n,n,7,n,n,n,7,n,n,n,5,n,n,n
2024-10-02 04:30:00,10,n,n,n,5,n,n,n,1,n,n,n,12.2,n,n,n,n,n,n,n,6,n,n,n,13.2,n,n,n,9,n,n,n,3,n,n,n,7,n,n,n,12,n,n,n,9,n,n,n
2024-10-02 05:30:00,12.9,n,n,n,6,n,n,n,3,n,n,n,10.2,n,n,n,n,n,n,n,6,n,n,n,23.9,n,n,n,17,n,n,n,3,n,n,n,8,n,n,n,9,n,n,n,6,n,n,n
2024-10-02 06:30:00,10.8,n,n,n,7,n,n,n,7,n,n,n,11.4,n,n,n,11,n,n,n,6,n,n,n,29.5,n,n,n,20,n,n,n,6,n,n,n,13,n,n,n,11,n,n,n,5,n,n,n
2024-10-02 07:30:00,8.5,n,n,n,8,n,n,n,7,n,n,n,8.9,n,n,n,7,n,n,n,11,n,n,n,17.6,n,n,n,17,n,n,n,5,n,n,n,8,n,n,n,11,n,n,n,6,n,n,n
2024-10-02 08:30:00,12.4,n,n,n,7,n,n,n,7,n,n,n,23.9,n,n,n,8,n,n,n,9,n,n,n,28.1,n,n,n,24,n,n,n,9,n,n,n,8,n,n,n,9,n,n,n,7,n,n,n
2024-10-02 09:30:00,14.2,n,n,n,9,n,n,n,7,n,n,n,18.2,n,n,n,8,n,n,n,8,n,n,n,25.5,n,n,n,19,n,n,n,7,n,n,n,10,n,n,n,9,n,n,n,5,n,n,n
2024-10-02 10:30:00,10.9,n,n,n,7,n,n,n,3,n,n,n,12.1,n,n,n,9,n,n,n,7,n,n,n,19.8,n,n,n,12,n,n,n,3,n,n,n,9,n,n,n,7,n,n,n,2,n,n,n
2024-10-02 11:30:00,9.4,n,n,n,8,n,n,n,3,n,n,n,17.4,n,n,n,8,n,n,n,7,n,n,n,17.3,n,n,n,11,n,n,n,2,n,n,n,7,n,n,n,6,n,n,n,2,n,n,n
2024-10-02 12:30:00,11.9,n,n,n,8,n,n,n,3,n,n,n,9.3,n,n,n,9,n,n,n,6,n,n,n,17.5,n,n,n,11,n,n,n,3,n,n,n,3,n,n,n,7,n,n,n,2,n,n,n
2024-10-02 13:30:00,11.3,n,n,n,5,n,n,n,5,n,n,n,17.3,n,n,n,7,n,n,n,7,n,n,n,16.1,n,n,n,14,n,n,n,8,n,n,n,8,n,n,n,6,n,n,n,5,n,n,n
2024-10-02 14:30:00,10.2,n,n,n,7,n,n,n,7,n,n,n,8.8,n,n,n,5,n,n,n,7,n,n,n,4.2,n,n,n,8,n,n,n,6,n,n,n,6,n,n,n,3,n,n,n,5,n,n,n
2024-10-02 15:30:00,8.2,n,n,n,8,n,n,n,5,n,n,n,14.8,n,n,n,5,n,n,n,8,n,n,n,19.4,n,n,n,12,n,n,n,3,n,n,n,7,n,n,n,5,n,n,n,3,n,n,n
2024-10-02 16:30:00,9.7,n,n,n,11,n,n,n,6,n,n,n,14,n,n,n,3,n,n,n,8,n,n,n,13.8,n,n,n,12,n,n,n,5,n,n,n,9,n,n,n,5,n,n,n,3,n,n,n
2024-10-02 17:30:00,16.1,n,n,n,12,n,n,n,8,n,n,n,17.9,n,n,n,n,n,n,n,6,n,n,n,24.5,n,n,n,14,n,n,n,5,n,n,n,15,n,n,n,13,n,n,n,6,n,n,n
2024-10-02 18:30:00,16,n,n,n,13,n,n,n,9,n,n,n,24,n,n,n,n,n,n,n,n,n,n,n,28.2,n,n,n,16,n,n,n,9,n,n,n,19,n,n,n,13,n,n,n,7,n,n,n
2024-10-02 19:30:00,18.8,n,n,n,20,n,n,n,11,n,n,n,29.4,n,n,n,n,n,n,n,14,n,n,n,38.9,n,n,n,19,n,n,n,14,n,n,n,16,n,n,n,11,n,n,n,7,n,n,n
2024-10-02 20:30:00,21.5,n,n,n,22,n,n,n,13,n,n,n,25.8,n,n,n,n,n,n,n,7,n,n,n,37.3,n,n,n,25,n,n,n,13,n,n,n,18,n,n,n,9,n,n,n,7,n,n,n
2024-10-02 21:30:00,21.4,n,n,n,12,n,n,n,7,n,n,n,31.9,n,n,n,n,n,n,n,11,n,n,n,58.9,n,n,n,24,n,n,n,14,n,n,n,22,n,n,n,13,n,n,n,9,n,n,n
2024-10-02 22:30:00,19.8,n,n,n,16,n,n,n,8,n,n,n,24.9,n,n,n,n,n,n,n,11,n,n,n,35.7,n,n,n,25,n,n,n,8,n,n,n,16,n,n,n,9,n,n,n,8,n,n,n
2024-10-02 23:30:00,29.1,n,n,n,17,n,n,n,7,n,n,n,11.8,n,n,n,n,n,n,n,9,n,n,n,13.7,n,n,n,12,n,n,n,7,n,n,n,11,n,n,n,7,n,n,n,7,n,n,n
2024-11-02 00:30:00,26.2,n,n,n,9,n,n,n,5,n,n,n,10.4,n,n,n,n,n,n,n,7,n,n,n,7.9,n,n,n,8,n,n,n,5,n,n,n,6,n,n,n,3,n,n,n,3,n,n,n
2024-11-02 01:30:00,15.7,n,n,n,11,n,n,n,3,n,n,n,8.8,n,n,n,n,n,n,n,7,n,n,n,9.8,n,n,n,11,n,n,n,2,n,n,n,6,n,n,n,3,n,n,n,n,n,n,n
2024-11-02 02:30:00,12.6,n,n,n,9,n,n,n,2,n,n,n,11.2,n,n,n,n,n,n,n,5,n,n,n,8.6,n,n,n,9,n,n,n,5,n,n,n,4,n,n,n,9,n,n,n,5,n,n,n
2024-11-02 03:30:00,13.3,n,n,n,9,n,n,n,3,n,n,n,8.4,n,n,n,n,n,n,n,8,n,n,n,5.5,n,n,n,7,n,n,n,6,n,n,n,2,n,n,n,6,n,n,n,5,n,n,n
2024-11-02 04:30:00,21.4,n,n,n,18,n,n,n,6,n,n,n,1.1,n,n,n,n,n,n,n,9,n,n,n,7.8,n,n,n,6,n,n,n,9,n,n,n,4,n,n,n,2,n,n,n,2,n,n,n
2024-11-02 05:30:00,24.8,n,n,n,11,n,n,n,7,n,n,n,8,n,n,n,n,n,n,n,7,n,n,n,11.6,n,n,n,7,n,n,n,9,n,n,n,6,n,n,n,5,n,n,n,5,n,n,n
2024-11-02 06:30:00,19.7,n,n,n,11,n,n,n,6,n,n,n,10.9,n,n,n,n,n,n,n,6,n,n,n,12.9,n,n,n,9,n,n,n,6,n,n,n,6,n,n,n,20,n,n,n,7,n,n,n
2024-11-02 07:30:00,17.8,n,n,n,17,n,n,n,6,n,n,n,13.4,n,n,n,n,n,n,n,3,n,n,n,10.6,n,n,n,14,n,n,n,6,n,n,n,5,n,n,n,9,n,n,n,9,n,n,n
2024-11-02 08:30:00,14.6,n,n,n,8,n,n,n,5,n,n,n,8,n,n,n,4985,VU,n,n,n,n,n,n,13.4,n,n,n,17,n,n,n,12,n,n,n,11,n,n,n,9,n,n,n,5,n,n,n
2024-11-02 09:30:00,21.5,n,n,n,14,n,n,n,3,n,n,n,19,n,n,n,n,n,n,n,12,n,n,n,12.8,n,n,n,9,n,n,n,7,n,n,n,15,n,n,n,7,n,n,n,7,n,n,n
2024-11-02 10:30:00,36.6,n,n,n,20,n,n,n,7,n,n,n,20.6,n,n,n,n,n,n,n,8,n,n,n,13.8,n,n,n,22,n,n,n,5,n,n,n,21,n,n,n,9,n,n,n,7,n,n,n
2024-11-02 11:30:00,37.7,n,n,n,18,n,n,n,8,n,n,n,22.9,n,n,n,n,n,n,n,n,n,n,n,21.4,n,n,n,14,n,n,n,7,n,n,n,15,n,n,n,11,n,n,n,5,n,n,n
2024-11-02 12:30:00,28.5,n,n,n,22,n,n,n,7,n,n,n,10.4,n,n,n,n,n,n,n,7,n,n,n,10.8,n,n,n,14,n,n,n,6,n,n,n,24,n,n,n,13,n,n,n,9,n,n,n
2024-11-02 13:30:00,38.5,n,n,n,24,n,n,n,5,n,n,n,21.5,n,n,n,n,n,n,n,7,n,n,n,18.6,n,n,n,14,n,n,n,5,n,n,n,20,n,n,n,9,n,n,n,8,n,n,n
2024-11-02 14:30:00,31.4,n,n,n,24,n,n,n,6,n,n,n,18.1,n,n,n,n,n,n,n,8,n,n,n,12.1,n,n,n,13,n,n,n,7,n,n,n,12,n,n,n,8,n,n,n,9,n,n,n
2024-11-02 15:30:00,33.6,n,n,n,19,n,n,n,7,n,n,n,16,n,n,n,n,n,n,n,8,n,n,n,21.7,n,n,n,12,n,n,n,6,n,n,n,11,n,n,n,8,n,n,n,6,n,n,n
2024-11-02 16:30:00,18,n,n,n,16,n,n,n,6,n,n,n,12.6,n,n,n,n,n,n,n,12,n,n,n,15.9,n,n,n,17,n,n,n,6,n,n,n,12,n,n,n,7,n,n,n,1,n,n,n
2024-11-02 17:30:00,20.5,n,n,n,9,n,n,n,7,n,n,n,32.6,n,n,n,n,n,n,n,11,n,n,n,28.4,n,n,n,13,n,n,n,7,n,n,n,11,n,n,n,17,n,n,n,8,n,n,n
2024-11-02 18:30:00,48.7,n,n,n,28,n,n,n,8,n,n,n,21.5,n,n,n,n,n,n,n,11,n,n,n,15.8,n,n,n,14,n,n,n,7,n,n,n,10,n,n,n,14,n,n,n,8,n,n,n
2024-11-02 19:30:00,51.9,n,n,n,35,n,n,n,8,n,n,n,22.7,n,n,n,n,n,n,n,8,n,n,n,87.1,n,n,n,61,n,n,n,50,n,n,n,18,n,n,n,13,n,n,n,7,n,n,n
2024-11-02 20:30:00,54.5,n,n,n,31,n,n,n,9,n,n,n,10.8,n,n,n,n,n,n,n,8,n,n,n,51.4,n,n,n,22,n,n,n,11,n,n,n,14,n,n,n,11,n,n,n,7,n,n,n
2024-11-02 21:30:00,67.9,n,n,n,35,n,n,n,7,n,n,n,17.6,n,n,n,n,n,n,n,7,n,n,n,42.7,n,n,n,30,n,n,n,14,n,n,n,15,n,n,n,12,n,n,n,5,n,n,n
2024-11-02 22:30:00,39.1,n,n,n,24,n,n,n,11,n,n,n,22.4,n,n,n,n,n,n,n,9,n,n,n,37.9,n,n,n,28,n,n,n,11,n,n,n,16,n,n,n,17,n,n,n,5,n,n,n
2024-11-02 23:30:00,29.6,n,n,n,13,n,n,n,8,n,n,n,22.2,n,n,n,n,n,n,n,8,n,n,n,22.4,n,n,n,23,n,n,n,11,n,n,n,12,n,n,n,11,n,n,n,3,n,n,n
2024-12-02 00:30:00,21.4,n,n,n,12,n,n,n,8,n,n,n,15.3,n,n,n,n,n,n,n,8,n,n,n,21.7,n,n,n,18,n,n,n,n,n,n,n,13,n,n,n,8,n,n,n,3,n,n,n
2024-12-02 01:30:00,20.7,n,n,n,13,n,n,n,5,n,n,n,13.4,n,n,n,n,n,n,n,8,n,n,n,14.5,n,n,n,14,n,n,n,8,n,n,n,12,n,n,n,8,n,n,n,5,n,n,n
2024-12-02 02:30:00,22,n,n,n,13,n,n,n,7,n,n,n,12.4,n,n,n,n,n,n,n,5,n,n,n,14.9,n,n,n,16,n,n,n,9,n,n,n,12,n,n,n,6,n,n,n,5,n,n,n
2024-12-02 03:30:00,16.9,n,n,n,7,n,n,n,5,n,n,n,13.9,n,n,n,n,n,n,n,8,n,n,n,18.7,n,n,n,9,n,n,n,6,n,n,n,6,n,n,n,6,n,n,n,5,n,n,n
2024-12-02 04:30:00,15.5,n,n,n,12,n,n,n,3,n,n,n,11.9,n,n,n,n,n,n,n,9,n,n,n,16.5,n,n,n,13,n,n,n,7,n,n,n,8,n,n,n,6,n,n,n,3,n,n,n
2024-12-02 05:30:00,22,n,n,n,18,n,n,n,8,n,n,n,11.8,n,n,n,n,n,n,n,7,n,n,n,18.3,n,n,n,11,n,n,n,6,n,n,n,10,n,n,n,6,n,n,n,6,n,n,n
2024-12-02 06:30:00,12.9,n,n,n,n,n,n,n,n,n,n,n,30.3,n,n,n,n,n,n,n,5,n,n,n,24.8,n,n,n,20,n,n,n,7,n,n,n,9,n,n,n,6,n,n,n,7,n,n,n
2024-12-02 07:30:00,n,n,n,n,16,n,n,n,3,n,n,n,15.1,n,n,n,n,n,n,n,6,n,n,n,16.3,n,n,n,12,n,n,n,5,n,n,n,10,n,n,n,9,n,n,n,5,n,n,n
2024-12-02 08:30:00,24.9,n,n,n,19,n,n,n,7,n,n,n,18.6,n,n,n,8,n,n,n,8,n,n,n,4.6,n,n,n,18,n,n,n,8,n,n,n,9,n,n,n,8,n,n,n,5,n,n,n
2024-12-02 09:30:00,30.4,n,n,n,19,n,n,n,11,n,n,n,12.3,n,n,n,14,n,n,n,9,n,n,n,10.6,n,n,n,16,n,n,n,5,n,n,n,12,n,n,n,13,n,n,n,7,n,n,n
2024-12-02 10:30:00,21,n,n,n,16,n,n,n,7,n,n,n,10.9,n,n,n,17,n,n,n,8,n,n,n,13.4,n,n,n,12,n,n,n,5,n,n,n,10,n,n,n,11,n,n,n,7,n,n,n
2024-12-02 11:30:00,22.1,n,n,n,13,n,n,n,6,n,n,n,22.8,n,n,n,11,n,n,n,9,n,n,n,17.1,n,n,n,17,n,n,n,9,n,n,n,16,n,n,n,8,n,n,n,5,n,n,n
2024-12-02 12:30:00,24.4,n,n,n,17,n,n,n,3,n,n,n,18.4,n,n,n,23,n,n,n,11,n,n,n,15.2,n,n,n,11,n,n,n,5,n,n,n,13,n,n,n,6,n,n,n,7,n,n,n
2024-12-02 13:30:00,26.4,n,n,n,12,n,n,n,2,n,n,n,21.7,n,n,n,13,n,n,n,8,n,n,n,17,n,n,n,18,n,n,n,3,n,n,n,13,n,n,n,8,n,n,n,5,n,n,n
2024-12-02 14:30:00,26.7,n,n,n,13,n,n,n,6,n,n,n,29.8,n,n,n,16,n,n,n,6,n,n,n,23.5,n,n,n,18,n,n,n,7,n,n,n,10,n,n,n,7,n,n,n,5,n,n,n
2024-12-02 15:30:00,20.2,n,n,n,13,n,n,n,6,n,n,n,16.2,n,n,n,19,n,n,n,7,n,n,n,17,n,n,n,14,n,n,n,3,n,n,n,14,n,n,n,7,n,n,n,7,n,n,n
2024-12-02 16:30:00,20.7,n,n,n,11,n,n,n,7,n,n,n,18,n,n,n,9,n,n,n,7,n,n,n,35.2,n,n,n,23,n,n,n,14,n,n,n,12,n,n,n,9,n,n,n,7,n,n,n
2024-12-02 17:30:00,22.3,n,n,n,19,n,n,n,7,n,n,n,25.4,n,n,n,13,n,n,n,6,n,n,n,25.7,n,n,n,16,n,n,n,8,n,n,n,19,n,n,n,8,n,n,n,5,n,n,n
2024-12-02 18:30:00,26.7,n,n,n,19,n,n,n,6,n,n,n,29.3,n,n,n,16,n,n,n,13,n,n,n,30.2,n,n,n,23,n,n,n,7,n,n,n,23,n,n,n,13,n,n,n,8,n,n,n
2024-12-02 19:30:00,49.5,n,n,n,35,n,n,n,9,n,n,n,34.2,n,n,n,20,n,n,n,13,n,n,n,60.6,n,n,n,27,n,n,n,11,n,n,n,26,n,n,n,16,n,n,n,9,n,n,n
2024-12-02 20:30:00,44.1,n,n,n,24,n,n,n,7,n,n,n,49,n,n,n,28,n,n,n,8,n,n,n,41.7,n,n,n,31,n,n,n,14,n,n,n,27,n,n,n,14,n,n,n,8,n,n,n
2024-12-02 21:30:00,37.7,n,n,n,19,n,n,n,7,n,n,n,30.4,n,n,n,19,n,n,n,8,n,n,n,42.3,n,n,n,29,n,n,n,13,n,n,n,21,n,n,n,18,n,n,n,9,n,n,n
2024-12-02 22:30:00,36.7,n,n,n,20,n,n,n,7,n,n,n,41.2,n,n,n,25,n,n,n,14,n,n,n,38.7,n,n,n,29,n,n,n,13,n,n,n,21,n,n,n,17,n,n,n,6,n,n,n
2024-12-02 23:30:00,48.9,n,n,n,29,n,n,n,13,n,n,n,32.4,n,n,n,24,n,n,n,11,n,n,n,32.8,n,n,n,27,n,n,n,9,n,n,n,30,n,n,n,27,n,n,n,12,n,n,n
2/13/24 0:30,40,n,n,n,28,n,n,n,17,n,n,n,26,n,n,n,23,n,n,n,9,n,n,n,29.5,n,n,n,24,n,n,n,n,n,n,n,35,n,n,n,25,n,n,n,9,n,n,n
2/13/24 1:30,36.4,n,n,n,27,n,n,n,11,n,n,n,37,n,n,n,25,n,n,n,16,n,n,n,25.1,n,n,n,23,n,n,n,11,n,n,n,32,n,n,n,23,n,n,n,12,n,n,n
2/13/24 2:30,35.8,n,n,n,24,n,n,n,14,n,n,n,34.8,n,n,n,27,n,n,n,13,n,n,n,22.9,n,n,n,19,n,n,n,7,n,n,n,23,n,n,n,19,n,n,n,9,n,n,n
2/13/24 3:30,35.8,n,n,n,25,n,n,n,12,n,n,n,30.9,n,n,n,n,n,n,n,11,n,n,n,23.6,n,n,n,20,n,n,n,9,n,n,n,23,n,n,n,19,n,n,n,11,n,n,n
2/13/24 4:30,26.9,n,n,n,17,n,n,n,7,n,n,n,24.6,n,n,n,13,n,n,n,8,n,n,n,30.4,n,n,n,20,n,n,n,7,n,n,n,18,n,n,n,18,n,n,n,8,n,n,n
2/13/24 5:30,31,n,n,n,23,n,n,n,6,n,n,n,26.9,n,n,n,17,n,n,n,9,n,n,n,27.1,n,n,n,17,n,n,n,14,n,n,n,19,n,n,n,27,n,n,n,8,n,n,n
2/13/24 6:30,34.9,n,n,n,24,n,n,n,8,n,n,n,39.9,n,n,n,24,n,n,n,9,n,n,n,40.6,n,n,n,23,n,n,n,8,n,n,n,24,n,n,n,20,n,n,n,8,n,n,n
2/13/24 7:30,27.9,n,n,n,27,n,n,n,9,n,n,n,31.5,n,n,n,18,n,n,n,7,n,n,n,35,n,n,n,13,n,n,n,7,n,n,n,15,n,n,n,16,n,n,n,9,n,n,n
2/13/24 8:30,25.5,n,n,n,14,n,n,n,7,n,n,n,27.4,n,n,n,n,n,n,n,9,n,n,n,20.7,n,n,n,18,n,n,n,7,n,n,n,10,n,n,n,9,n,n,n,7,n,n,n
2/13/24 9:30,15.3,n,n,n,7,n,n,n,5,n,n,n,18.1,n,n,n,6,n,n,n,9,n,n,n,14.9,n,n,n,11,n,n,n,5,n,n,n,10,n,n,n,11,n,n,n,3,n,n,n
2/13/24 10:30,17.1,n,n,n,14,n,n,n,5,n,n,n,20.6,n,n,n,9,n,n,n,9,n,n,n,10.7,n,n,n,9,n,n,n,5,n,n,n,8,n,n,n,9,n,n,n,3,n,n,n
2/13/24 11:30,18.4,n,n,n,12,n,n,n,5,n,n,n,19.3,n,n,n,11,n,n,n,8,n,n,n,15,n,n,n,19,n,n,n,3,n,n,n,10,n,n,n,8,n,n,n,2,n,n,n
2/13/24 12:30,22.7,n,n,n,14,n,n,n,2,n,n,n,28.6,n,n,n,13,n,n,n,6,n,n,n,19.5,n,n,n,11,n,n,n,3,n,n,n,8,n,n,n,6,n,n,n,1,n,n,n
2/13/24 13:30,46.1,n,n,n,30,n,n,n,3,n,n,n,18,n,n,n,19,n,n,n,6,n,n,n,4.6,n,n,n,8,n,n,n,5,n,n,n,8,n,n,n,8,n,n,n,2,n,n,n
2/13/24 14:30,62.3,n,n,n,27,n,n,n,3,n,n,n,23.6,n,n,n,12,n,n,n,7,n,n,n,19.7,n,n,n,11,n,n,n,3,n,n,n,7,n,n,n,8,n,n,n,3,n,n,n
2/13/24 15:30,46.8,n,n,n,25,n,n,n,2,n,n,n,28.8,n,n,n,17,n,n,n,8,n,n,n,16.1,n,n,n,9,n,n,n,6,n,n,n,11,n,n,n,12,n,n,n,3,n,n,n
2/13/24 16:30,34.6,n,n,n,19,n,n,n,6,n,n,n,29.5,n,n,n,9,n,n,n,7,n,n,n,26.3,n,n,n,13,n,n,n,7,n,n,n,14,n,n,n,9,n,n,n,3,n,n,n
2/13/24 17:30,51.5,n,n,n,24,n,n,n,6,n,n,n,49.6,n,n,n,27,n,n,n,6,n,n,n,19.4,n,n,n,18,n,n,n,8,n,n,n,13,n,n,n,9,n,n,n,7,n,n,n
2/13/24 18:30,59.2,n,n,n,25,n,n,n,6,n,n,n,30.6,n,n,n,11,n,n,n,7,n,n,n,45.6,n,n,n,28,n,n,n,8,n,n,n,28,n,n,n,24,n,n,n,9,n,n,n
2/13/24 19:30,130.7,n,n,n,53,n,n,n,8,n,n,n,96.5,n,n,n,47,n,n,n,6,n,n,n,107.9,n,n,n,38,n,n,n,8,n,n,n,15,n,n,n,16,n,n,n,6,n,n,n
2/13/24 20:30,90.9,n,n,n,29,n,n,n,6,n,n,n,78.6,n,n,n,39,n,n,n,8,n,n,n,101.5,n,n,n,44,n,n,n,12,n,n,n,17,n,n,n,18,n,n,n,9,n,n,n
2/13/24 21:30,65.7,n,n,n,30,n,n,n,6,n,n,n,38.8,n,n,n,14,n,n,n,9,n,n,n,53.4,n,n,n,31,n,n,n,13,n,n,n,10,n,n,n,12,n,n,n,8,n,n,n
2/13/24 22:30,47.1,n,n,n,19,n,n,n,13,n,n,n,32.8,n,n,n,22,n,n,n,8,n,n,n,37,n,n,n,23,n,n,n,8,n,n,n,14,n,n,n,12,n,n,n,3,n,n,n
2/13/24 23:30,33.8,n,n,n,17,n,n,n,9,n,n,n,29.6,n,n,n,17,n,n,n,7,n,n,n,37.1,n,n,n,20,n,n,n,8,n,n,n,16,n,n,n,11,n,n,n,6,n,n,n
2/14/24 0:30,23.9,n,n,n,14,n,n,n,9,n,n,n,24.9,n,n,n,13,n,n,n,7,n,n,n,35.8,n,n,n,29,n,n,n,n,n,n,n,16,n,n,n,11,n,n,n,5,n,n,n
2/14/24 1:30,24.4,n,n,n,16,n,n,n,8,n,n,n,28.9,n,n,n,22,n,n,n,11,n,n,n,31.4,n,n,n,27,n,n,n,6,n,n,n,15,n,n,n,8,n,n,n,3,n,n,n
2/14/24 2:30,19.8,n,n,n,11,n,n,n,7,n,n,n,23.6,n,n,n,18,n,n,n,11,n,n,n,43.1,n,n,n,31,n,n,n,12,n,n,n,17,n,n,n,7,n,n,n,8,n,n,n
2/14/24 3:30,21.7,n,n,n,14,n,n,n,5,n,n,n,23.4,n,n,n,23,n,n,n,9,n,n,n,39.5,n,n,n,24,n,n,n,8,n,n,n,21,n,n,n,14,n,n,n,9,n,n,n
2/14/24 4:30,19.1,n,n,n,14,n,n,n,5,n,n,n,23,n,n,n,17,n,n,n,8,n,n,n,22.3,n,n,n,17,n,n,n,8,n,n,n,16,n,n,n,12,n,n,n,5,n,n,n
2/14/24 5:30,23.5,n,n,n,13,n,n,n,7,n,n,n,21.1,n,n,n,14,n,n,n,9,n,n,n,36.2,n,n,n,25,n,n,n,7,n,n,n,19,n,n,n,9,n,n,n,6,n,n,n
2/14/24 6:30,28.5,n,n,n,17,n,n,n,7,n,n,n,27.3,n,n,n,16,n,n,n,12,n,n,n,45.2,n,n,n,24,n,n,n,12,n,n,n,22,n,n,n,11,n,n,n,5,n,n,n
2/14/24 7:30,33.8,n,n,n,16,n,n,n,5,n,n,n,31.5,n,n,n,12,n,n,n,9,n,n,n,50.8,n,n,n,23,n,n,n,9,n,n,n,19,n,n,n,17,n,n,n,5,n,n,n
2/14/24 8:30,43,n,n,n,23,n,n,n,6,n,n,n,27.6,n,n,n,24,n,n,n,8,n,n,n,40.6,n,n,n,29,n,n,n,9,n,n,n,32,n,n,n,11,n,n,n,5,n,n,n
2/14/24 9:30,29,n,n,n,19,n,n,n,5,n,n,n,32,n,n,n,16,n,n,n,7,n,n,n,45.4,n,n,n,14,n,n,n,6,n,n,n,25,n,n,n,16,n,n,n,8,n,n,n
2/14/24 10:30,30.1,n,n,n,18,n,n,n,5,n,n,n,30.7,n,n,n,16,n,n,n,8,n,n,n,41,n,n,n,27,n,n,n,9,n,n,n,23,n,n,n,20,n,n,n,7,n,n,n
2/14/24 11:30,34.9,n,n,n,19,n,n,n,7,n,n,n,28.1,n,n,n,16,n,n,n,8,n,n,n,55.6,n,n,n,27,n,n,n,9,n,n,n,72,n,n,n,35,n,n,n,9,n,n,n
2/14/24 12:30,28.4,n,n,n,23,n,n,n,5,n,n,n,13.9,n,n,n,17,n,n,n,n,n,n,n,45.5,n,n,n,19,n,n,n,6,n,n,n,28,n,n,n,19,n,n,n,8,n,n,n
2/14/24 13:30,31.2,n,n,n,22,n,n,n,3,n,n,n,15.7,n,n,n,22,n,n,n,7,n,n,n,44.2,n,n,n,23,n,n,n,7,n,n,n,43,n,n,n,28,n,n,n,8,n,n,n
2/14/24 14:30,35.3,n,n,n,19,n,n,n,2,n,n,n,37.5,n,n,n,19,n,n,n,7,n,n,n,73,n,n,n,27,n,n,n,6,n,n,n,65,n,n,n,33,n,n,n,7,n,n,n
2/14/24 15:30,48.6,n,n,n,25,n,n,n,6,n,n,n,37.5,n,n,n,19,n,n,n,13,n,n,n,45.2,n,n,n,19,n,n,n,5,n,n,n,27,n,n,n,14,n,n,n,5,n,n,n
2/14/24 16:30,49.2,n,n,n,25,n,n,n,9,n,n,n,72.3,n,n,n,17,n,n,n,9,n,n,n,49.5,n,n,n,27,n,n,n,11,n,n,n,19,n,n,n,14,n,n,n,3,n,n,n
2/14/24 17:30,47.9,n,n,n,34,n,n,n,12,n,n,n,40.7,n,n,n,17,n,n,n,6,n,n,n,70.2,n,n,n,25,n,n,n,16,n,n,n,22,n,n,n,14,n,n,n,2,n,n,n
2/14/24 18:30,70.7,n,n,n,28,n,n,n,12,n,n,n,40.5,n,n,n,23,n,n,n,8,n,n,n,76.2,n,n,n,47,n,n,n,13,n,n,n,43,n,n,n,25,n,n,n,13,n,n,n
2/14/24 19:30,53.8,n,n,n,n,n,n,n,n,n,n,n,44.7,n,n,n,23,n,n,n,9,n,n,n,55.7,n,n,n,33,n,n,n,13,n,n,n,41,n,n,n,23,n,n,n,12,n,n,n
2/14/24 20:30,n,n,n,n,20,n,n,n,n,n,n,n,n,n,n,n,13,n,n,n,9,n,n,n,15.9,n,n,n,16,n,n,n,9,n,n,n,20,n,n,n,n,n,n,n,11,n,n,n
2/14/24 21:30,12.5,n,n,n,24,n,n,n,n,n,n,n,31.2,n,n,n,12,n,n,n,6,n,n,n,15.8,n,n,n,18,n,n,n,9,n,n,n,19,n,n,n,5,n,n,n,6,n,n,n
2/14/24 22:30,13.7,n,n,n,11,n,n,n,1,n,n,n,8.3,n,n,n,9,n,n,n,8,n,n,n,12.3,n,n,n,14,n,n,n,6,n,n,n,9,n,n,n,5,n,n,n,7,n,n,n
2/14/24 23:30,13.3,n,n,n,12,n,n,n,5,n,n,n,11.2,n,n,n,8,n,n,n,5,n,n,n,14.8,n,n,n,13,n,n,n,5,n,n,n,13,n,n,n,6,n,n,n,6,n,n,n
2/15/24 0:30,15,n,n,n,18,n,n,n,6,n,n,n,14.7,n,n,n,9,n,n,n,6,n,n,n,17.6,n,n,n,14,n,n,n,n,n,n,n,17,n,n,n,14,n,n,n,7,n,n,n
2/15/24 1:30,17.1,n,n,n,13,n,n,n,7,n,n,n,14.8,n,n,n,8,n,n,n,11,n,n,n,17.7,n,n,n,17,n,n,n,6,n,n,n,17,n,n,n,18,n,n,n,6,n,n,n
2/15/24 2:30,17.9,n,n,n,19,n,n,n,7,n,n,n,21.3,n,n,n,14,n,n,n,7,n,n,n,28.8,n,n,n,17,n,n,n,3,n,n,n,19,n,n,n,13,n,n,n,7,n,n,n
2/15/24 3:30,23,n,n,n,20,n,n,n,7,n,n,n,16.6,n,n,n,16,n,n,n,3,n,n,n,23.6,n,n,n,19,n,n,n,7,n,n,n,22,n,n,n,17,n,n,n,5,n,n,n
2/15/24 4:30,22.8,n,n,n,17,n,n,n,9,n,n,n,22.5,n,n,n,17,n,n,n,6,n,n,n,38.7,n,n,n,25,n,n,n,9,n,n,n,22,n,n,n,19,n,n,n,6,n,n,n
2/15/24 5:30,21.3,n,n,n,14,n,n,n,7,n,n,n,28.1,n,n,n,22,n,n,n,8,n,n,n,57.3,n,n,n,35,n,n,n,14,n,n,n,21,n,n,n,16,n,n,n,9,n,n,n
2/15/24 6:30,23.9,n,n,n,23,n,n,n,5,n,n,n,37.7,n,n,n,27,n,n,n,12,n,n,n,74.7,n,n,n,39,n,n,n,9,n,n,n,27,n,n,n,22,n,n,n,5,n,n,n
2/15/24 7:30,26.8,n,n,n,25,n,n,n,3,n,n,n,43.8,n,n,n,28,n,n,n,9,n,n,n,53,n,n,n,31,n,n,n,7,n,n,n,38,n,n,n,20,n,n,n,5,n,n,n
2/15/24 8:30,24.5,n,n,n,19,n,n,n,8,n,n,n,35,n,n,n,23,n,n,n,12,n,n,n,41.9,n,n,n,24,n,n,n,8,n,n,n,15,n,n,n,17,n,n,n,7,n,n,n
2/15/24 9:30,23,n,n,n,14,n,n,n,5,n,n,n,28.9,n,n,n,16,n,n,n,9,n,n,n,41.6,n,n,n,22,n,n,n,9,n,n,n,19,n,n,n,13,n,n,n,9,n,n,n
2/15/24 10:30,28.6,n,n,n,17,n,n,n,7,n,n,n,18.9,n,n,n,14,n,n,n,11,n,n,n,29.7,n,n,n,19,n,n,n,7,n,n,n,26,n,n,n,14,n,n,n,7,n,n,n
2/15/24 11:30,21.6,n,n,n,n,n,n,n,n,n,n,n,24.8,n,n,n,n,n,n,n,7,n,n,n,37.7,n,n,n,13,n,n,n,11,n,n,n,21,n,n,n,18,n,n,n,6,n,n,n
2/15/24 12:30,n,n,n,n,14,n,n,n,8,n,n,n,17.2,n,n,n,7,n,n,n,7,n,n,n,32,n,n,n,18,n,n,n,7,n,n,n,18,n,n,n,12,n,n,n,5,n,n,n
2/15/24 13:30,29.9,n,n,n,14,n,n,n,8,n,n,n,23.3,n,n,n,13,n,n,n,6,n,n,n,26,n,n,n,20,n,n,n,8,n,n,n,19,n,n,n,12,n,n,n,6,n,n,n
2/15/24 14:30,7.9,n,n,n,n,n,n,n,n,n,n,n,6.3,n,n,n,13,n,n,n,6,n,n,n,61.5,n,n,n,17,n,n,n,8,n,n,n,19,n,n,n,n,n,n,n,6,n,n,n
2/15/24 15:30,n,n,n,n,9,n,n,n,8,n,n,n,30.7,n,n,n,20,n,n,n,8,n,n,n,51.3,n,n,n,27,n,n,n,13,n,n,n,31,n,n,n,17,n,n,n,12,n,n,n
2/15/24 16:30,25.2,n,n,n,25,n,n,n,6,n,n,n,55.9,n,n,n,36,n,n,n,11,n,n,n,79.5,n,n,n,45,n,n,n,17,n,n,n,40,n,n,n,23,n,n,n,9,n,n,n
2/15/24 17:30,31.2,n,n,n,24,n,n,n,11,n,n,n,45.3,n,n,n,22,n,n,n,n,n,n,n,27.9,n,n,n,19,n,n,n,8,n,n,n,24,n,n,n,17,n,n,n,13,n,n,n
2/15/24 18:30,20.1,n,n,n,14,n,n,n,7,n,n,n,n,n,n,n,9,n,n,n,13,n,n,n,16.5,n,n,n,20,n,n,n,7,n,n,n,16,n,n,n,13,n,n,n,8,n,n,n
2/15/24 19:30,9.8,n,n,n,12,n,n,n,5,n,n,n,5,n,n,n,7,n,n,n,7,n,n,n,9.5,n,n,n,12,n,n,n,6,n,n,n,9,n,n,n,8,n,n,n,6,n,n,n
2/15/24 20:30,12,n,n,n,9,n,n,n,5,n,n,n,n,n,n,n,7,n,n,n,3,n,n,n,19,n,n,n,12,n,n,n,3,n,n,n,10,n,n,n,9,n,n,n,3,n,n,n
2/15/24 21:30,13.3,n,n,n,11,n,n,n,6,n,n,n,21.5,n,n,n,6,n,n,n,6,n,n,n,19.5,n,n,n,16,n,n,n,6,n,n,n,7,n,n,n,8,n,n,n,8,n,n,n
2/15/24 22:30,13.5,n,n,n,9,n,n,n,5,n,n,n,8.6,n,n,n,8,n,n,n,7,n,n,n,17,n,n,n,18,n,n,n,8,n,n,n,7,n,n,n,9,n,n,n,6,n,n,n
2/15/24 23:30,10.5,n,n,n,8,n,n,n,5,n,n,n,4.7,n,n,n,n,n,n,n,5,n,n,n,12.4,n,n,n,8,n,n,n,6,n,n,n,8,n,n,n,9,n,n,n,7,n,n,n
2/16/24 0:30,11.4,n,n,n,11,n,n,n,3,n,n,n,8.2,n,n,n,14,n,n,n,8,n,n,n,7.7,n,n,n,7,n,n,n,n,n,n,n,6,n,n,n,6,n,n,n,3,n,n,n
2/16/24 1:30,17.2,n,n,n,22,n,n,n,6,n,n,n,8.2,n,n,n,5,n,n,n,6,n,n,n,9.2,n,n,n,7,n,n,n,n,n,n,n,6,n,n,n,2,n,n,n,5,n,n,n
2/16/24 2:30,12.5,n,n,n,11,n,n,n,5,n,n,n,11.2,n,n,n,6,n,n,n,3,n,n,n,9.4,n,n,n,12,n,n,n,2,n,n,n,5,n,n,n,6,n,n,n,6,n,n,n
2/16/24 3:30,13,n,n,n,13,n,n,n,1,n,n,n,12.4,n,n,n,7,n,n,n,5,n,n,n,10.9,n,n,n,11,n,n,n,2,n,n,n,11,n,n,n,7,n,n,n,5,n,n,n
2/16/24 4:30,22.5,n,n,n,19,n,n,n,1,n,n,n,14.1,n,n,n,12,n,n,n,6,n,n,n,15.4,n,n,n,9,n,n,n,2,n,n,n,12,n,n,n,8,n,n,n,3,n,n,n
2/16/24 5:30,20.3,n,n,n,12,n,n,n,5,n,n,n,21.3,n,n,n,14,n,n,n,7,n,n,n,28.8,n,n,n,14,n,n,n,3,n,n,n,15,n,n,n,11,n,n,n,6,n,n,n
2/16/24 6:30,18.8,n,n,n,16,n,n,n,5,n,n,n,33,n,n,n,19,n,n,n,9,n,n,n,40.7,n,n,n,24,n,n,n,7,n,n,n,27,n,n,n,13,n,n,n,6,n,n,n
2/16/24 7:30,16.9,n,n,n,9,n,n,n,3,n,n,n,15.8,n,n,n,11,n,n,n,7,n,n,n,44.8,n,n,n,20,n,n,n,5,n,n,n,10,n,n,n,7,n,n,n,3,n,n,n
2/16/24 8:30,8.4,n,n,n,8,n,n,n,8,n,n,n,9.2,n,n,n,7,n,n,n,5,n,n,n,24.4,n,n,n,16,n,n,n,3,n,n,n,21,n,n,n,16,n,n,n,9,n,n,n
2/16/24 9:30,9,n,n,n,11,n,n,n,6,n,n,n,18.5,n,n,n,8,n,n,n,6,n,n,n,27.3,n,n,n,8,n,n,n,3,n,n,n,27,n,n,n,18,n,n,n,12,n,n,n
2/16/24 10:30,5.4,n,n,n,7,n,n,n,5,n,n,n,1.4,n,n,n,7,n,n,n,7,n,n,n,24.3,n,n,n,12,n,n,n,2,n,n,n,15,n,n,n,13,n,n,n,8,n,n,n
2/16/24 11:30,8.9,n,n,n,9,n,n,n,5,n,n,n,21.5,n,n,n,13,n,n,n,3,n,n,n,21.7,n,n,n,11,n,n,n,5,n,n,n,11,n,n,n,11,n,n,n,8,n,n,n
2/16/24 12:30,11.5,n,n,n,9,n,n,n,5,n,n,n,25.9,n,n,n,n,n,n,n,6,n,n,n,32.2,n,n,n,13,n,n,n,2,n,n,n,15,n,n,n,7,n,n,n,9,n,n,n
2/16/24 13:30,14.3,n,n,n,12,n,n,n,3,n,n,n,23.3,n,n,n,8,n,n,n,3,n,n,n,21.2,n,n,n,12,n,n,n,5,n,n,n,8,n,n,n,7,n,n,n,6,n,n,n
2/16/24 14:30,16.1,n,n,n,17,n,n,n,3,n,n,n,20.3,n,n,n,9,n,n,n,5,n,n,n,22.6,n,n,n,8,n,n,n,3,n,n,n,6,n,n,n,n,n,n,n,n,n,n,n
2/16/24 15:30,16.8,n,n,n,13,n,n,n,5,n,n,n,16.2,n,n,n,7,n,n,n,7,n,n,n,46.1,n,n,n,24,n,n,n,7,n,n,n,19,n,n,n,12,n,n,n,6,n,n,n
2/16/24 16:30,19.3,n,n,n,24,n,n,n,8,n,n,n,25.7,n,n,n,23,n,n,n,7,n,n,n,52.3,n,n,n,24,n,n,n,9,n,n,n,26,n,n,n,17,n,n,n,9,n,n,n
2/16/24 17:30,32.4,n,n,n,20,n,n,n,7,n,n,n,32.2,n,n,n,16,n,n,n,7,n,n,n,51.9,n,n,n,30,n,n,n,8,n,n,n,13,n,n,n,9,n,n,n,7,n,n,n
2/16/24 18:30,21.4,n,n,n,25,n,n,n,7,n,n,n,11.2,n,n,n,9,n,n,n,7,n,n,n,22.8,n,n,n,20,n,n,n,11,n,n,n,9,n,n,n,6,n,n,n,6,n,n,n
2/16/24 19:30,19.7,n,n,n,17,n,n,n,9,n,n,n,18.6,n,n,n,9,n,n,n,8,n,n,n,67.7,n,n,n,44,n,n,n,9,n,n,n,20,n,n,n,12,n,n,n,8,n,n,n
2/16/24 20:30,22.1,n,n,n,19,n,n,n,8,n,n,n,29.2,n,n,n,20,n,n,n,14,n,n,n,51.7,n,n,n,29,n,n,n,12,n,n,n,14,n,n,n,13,n,n,n,6,n,n,n
2/16/24 21:30,21.5,n,n,n,19,n,n,n,8,n,n,n,31.3,n,n,n,23,n,n,n,11,n,n,n,78.3,n,n,n,40,n,n,n,11,n,n,n,11,n,n,n,14,n,n,n,11,n,n,n
2/16/24 22:30,26.7,n,n,n,23,n,n,n,8,n,n,n,25.8,n,n,n,22,n,n,n,7,n,n,n,72.8,n,n,n,41,n,n,n,20,n,n,n,27,n,n,n,19,n,n,n,9,n,n,n
2/16/24 23:30,28.8,n,n,n,24,n,n,n,14,n,n,n,20.3,n,n,n,14,n,n,n,9,n,n,n,31.9,n,n,n,16,n,n,n,7,n,n,n,34,n,n,n,20,n,n,n,8,n,n,n
2/17/24 0:30,27.7,n,n,n,24,n,n,n,5,n,n,n,19.8,n,n,n,13,n,n,n,11,n,n,n,25.1,n,n,n,19,n,n,n,n,n,n,n,8,n,n,n,9,n,n,n,6,n,n,n
2/17/24 1:30,20.5,n,n,n,9,n,n,n,5,n,n,n,8.9,n,n,n,8,n,n,n,8,n,n,n,7.2,n,n,n,7,n,n,n,n,n,n,n,6,n,n,n,n,n,n,n,5,n,n,n
2/17/24 2:30,17.9,n,n,n,19,n,n,n,6,n,n,n,11.9,n,n,n,8,n,n,n,5,n,n,n,7.8,n,n,n,11,n,n,n,n,n,n,n,7,n,n,n,5,n,n,n,6,n,n,n
2/17/24 3:30,17.2,n,n,n,16,n,n,n,6,n,n,n,9.4,n,n,n,11,n,n,n,3,n,n,n,13.2,n,n,n,9,n,n,n,3,n,n,n,8,n,n,n,5,n,n,n,6,n,n,n
2/17/24 4:30,20.1,n,n,n,16,n,n,n,8,n,n,n,11.7,n,n,n,8,n,n,n,8,n,n,n,12.9,n,n,n,11,n,n,n,3,n,n,n,14,n,n,n,18,n,n,n,5,n,n,n
2/17/24 5:30,21,n,n,n,19,n,n,n,7,n,n,n,19,n,n,n,13,n,n,n,7,n,n,n,25.4,n,n,n,16,n,n,n,7,n,n,n,9,n,n,n,11,n,n,n,6,n,n,n
2/17/24 6:30,16.7,n,n,n,9,n,n,n,5,n,n,n,20.7,n,n,n,14,n,n,n,7,n,n,n,31.5,n,n,n,25,n,n,n,8,n,n,n,7,n,n,n,6,n,n,n,3,n,n,n
2/17/24 7:30,12.9,n,n,n,14,n,n,n,7,n,n,n,19.9,n,n,n,9,n,n,n,8,n,n,n,26.5,n,n,n,13,n,n,n,5,n,n,n,9,n,n,n,1,n,n,n,3,n,n,n
2/17/24 8:30,12.8,n,n,n,12,n,n,n,6,n,n,n,21.2,n,n,n,8,n,n,n,6,n,n,n,27.9,n,n,n,18,n,n,n,3,n,n,n,12,n,n,n,n,n,n,n,2,n,n,n
2/17/24 9:30,11.2,n,n,n,12,n,n,n,8,n,n,n,11,n,n,n,7,n,n,n,6,n,n,n,23.5,n,n,n,13,n,n,n,5,n,n,n,8,n,n,n,1,n,n,n,2,n,n,n
2/17/24 10:30,13.6,n,n,n,11,n,n,n,8,n,n,n,15.9,n,n,n,3,n,n,n,6,n,n,n,29.3,n,n,n,17,n,n,n,9,n,n,n,9,n,n,n,3,n,n,n,7,n,n,n
2/17/24 11:30,14.1,n,n,n,14,n,n,n,5,n,n,n,13.2,n,n,n,6,n,n,n,7,n,n,n,28.3,n,n,n,12,n,n,n,9,n,n,n,4,n,n,n,5,n,n,n,5,n,n,n
2/17/24 12:30,25.1,n,n,n,13,n,n,n,5,n,n,n,9,n,n,n,8,n,n,n,7,n,n,n,23.9,n,n,n,14,n,n,n,5,n,n,n,8,n,n,n,5,n,n,n,1,n,n,n
2/17/24 13:30,18.3,n,n,n,11,n,n,n,9,n,n,n,15,n,n,n,9,n,n,n,8,n,n,n,22,n,n,n,14,n,n,n,5,n,n,n,11,n,n,n,5,n,n,n,n,n,n,n
2/17/24 14:30,21,n,n,n,11,n,n,n,7,n,n,n,34.2,n,n,n,9,n,n,n,3,n,n,n,45,n,n,n,14,n,n,n,5,n,n,n,16,n,n,n,9,n,n,n,6,n,n,n
2/17/24 15:30,25.3,n,n,n,16,n,n,n,6,n,n,n,33.2,n,n,n,11,n,n,n,5,n,n,n,30.6,n,n,n,11,n,n,n,5,n,n,n,8,n,n,n,8,n,n,n,7,n,n,n
2/17/24 16:30,20.8,n,n,n,18,n,n,n,8,n,n,n,30.3,n,n,n,18,n,n,n,9,n,n,n,26.7,n,n,n,17,n,n,n,8,n,n,n,26,n,n,n,12,n,n,n,8,n,n,n
2/17/24 17:30,18.8,n,n,n,16,n,n,n,11,n,n,n,14.7,n,n,n,12,n,n,n,9,n,n,n,23.4,n,n,n,19,n,n,n,7,n,n,n,13,n,n,n,12,n,n,n,8,n,n,n
2/17/24 18:30,20.2,n,n,n,13,n,n,n,9,n,n,n,14.4,n,n,n,9,n,n,n,8,n,n,n,48.9,n,n,n,22,n,n,n,28,n,n,n,17,n,n,n,12,n,n,n,11,n,n,n
2/17/24 19:30,14.4,n,n,n,16,n,n,n,6,n,n,n,7,n,n,n,12,n,n,n,6,n,n,n,17.7,n,n,n,22,n,n,n,1,n,n,n,7,n,n,n,12,n,n,n,8,n,n,n
2/17/24 20:30,n,n,n,n,n,n,n,n,n,n,n,n,17.5,n,n,n,11,n,n,n,7,n,n,n,41.5,n,n,n,20,n,n,n,6,n,n,n,9,n,n,n,8,n,n,n,6,n,n,n
2/17/24 21:30,n,n,n,n,11,n,n,n,2,n,n,n,23,n,n,n,17,n,n,n,9,n,n,n,46.6,n,n,n,28,n,n,n,9,n,n,n,20,n,n,n,13,n,n,n,8,n,n,n
2/17/24 22:30,21,n,n,n,19,n,n,n,5,n,n,n,24,n,n,n,19,n,n,n,11,n,n,n,18.1,n,n,n,17,n,n,n,7,n,n,n,19,n,n,n,14,n,n,n,6,n,n,n
2/17/24 23:30,16.8,n,n,n,18,n,n,n,5,n,n,n,5.6,n,n,n,13,n,n,n,8,n,n,n,16.7,n,n,n,18,n,n,n,8,n,n,n,10,n,n,n,11,n,n,n,5,n,n,n
2/18/24 0:30,16.7,n,n,n,19,n,n,n,3,n,n,n,4,n,n,n,8,n,n,n,6,n,n,n,8.2,n,n,n,14,n,n,n,n,n,n,n,8,n,n,n,9,n,n,n,3,n,n,n
2/18/24 1:30,11.7,n,n,n,11,n,n,n,3,n,n,n,3.8,n,n,n,6,n,n,n,5,n,n,n,2.2,n,n,n,16,n,n,n,n,n,n,n,7,n,n,n,6,n,n,n,5,n,n,n
2/18/24 2:30,12.2,n,n,n,16,n,n,n,3,n,n,n,n,n,n,n,5,n,n,n,6,n,n,n,4.8,n,n,n,7,n,n,n,1,n,n,n,7,n,n,n,8,n,n,n,3,n,n,n
2/18/24 3:30,15.6,n,n,n,20,n,n,n,5,n,n,n,8.5,n,n,n,11,n,n,n,7,n,n,n,4.6,n,n,n,9,n,n,n,5,n,n,n,5,n,n,n,8,n,n,n,3,n,n,n
2/18/24 4:30,9.5,n,n,n,9,n,n,n,2,n,n,n,9.1,n,n,n,9,n,n,n,7,n,n,n,7,n,n,n,7,n,n,n,5,n,n,n,11,n,n,n,11,n,n,n,5,n,n,n
2/18/24 5:30,10.1,n,n,n,9,n,n,n,3,n,n,n,8.2,n,n,n,13,n,n,n,6,n,n,n,29.7,n,n,n,17,n,n,n,3,n,n,n,13,n,n,n,9,n,n,n,6,n,n,n
2/18/24 6:30,12.8,n,n,n,18,n,n,n,3,n,n,n,21.4,n,n,n,14,n,n,n,5,n,n,n,28.5,n,n,n,14,n,n,n,3,n,n,n,11,n,n,n,11,n,n,n,3,n,n,n
2/18/24 7:30,15.3,n,n,n,8,n,n,n,3,n,n,n,22.5,n,n,n,12,n,n,n,5,n,n,n,18.9,n,n,n,14,n,n,n,3,n,n,n,10,n,n,n,7,n,n,n,3,n,n,n
2/18/24 8:30,15.1,n,n,n,12,n,n,n,5,n,n,n,16.3,n,n,n,9,n,n,n,2,n,n,n,24,n,n,n,12,n,n,n,3,n,n,n,11,n,n,n,7,n,n,n,3,n,n,n
2/18/24 9:30,17.7,n,n,n,14,n,n,n,5,n,n,n,14.5,n,n,n,9,n,n,n,8,n,n,n,28,n,n,n,13,n,n,n,5,n,n,n,12,n,n,n,7,n,n,n,5,n,n,n
2/18/24 10:30,14.7,n,n,n,11,n,n,n,2,n,n,n,n,n,n,n,6,n,n,n,7,n,n,n,10.2,n,n,n,16,n,n,n,6,n,n,n,11,n,n,n,3,n,n,n,5,n,n,n
2/18/24 11:30,14,n,n,n,8,n,n,n,1,n,n,n,4,n,n,n,14,n,n,n,3,n,n,n,13.5,n,n,n,7,n,n,n,3,n,n,n,9,n,n,n,3,n,n,n,2,n,n,n
2/18/24 12:30,14.6,n,n,n,5,n,n,n,n,n,n,n,n,n,n,n,11,n,n,n,n,n,n,n,n,n,n,n,8,n,n,n,3,n,n,n,8,n,n,n,3,n,n,n,2,n,n,n
2/18/24 13:30,17.2,n,n,n,9,n,n,n,1,n,n,n,13.6,n,n,n,7,n,n,n,3,n,n,n,31.2,n,n,n,14,n,n,n,6,n,n,n,13,n,n,n,3,n,n,n,3,n,n,n
2/18/24 14:30,13.8,n,n,n,6,n,n,n,1,n,n,n,16.4,n,n,n,6,n,n,n,3,n,n,n,17.7,n,n,n,8,n,n,n,5,n,n,n,11,n,n,n,5,n,n,n,3,n,n,n
2/18/24 15:30,8.9,n,n,n,5,n,n,n,1,n,n,n,14.8,n,n,n,6,n,n,n,6,n,n,n,19.5,n,n,n,12,n,n,n,3,n,n,n,9,n,n,n,3,n,n,n,3,n,n,n
2/18/24 16:30,10.9,n,n,n,6,n,n,n,5,n,n,n,19.2,n,n,n,8,n,n,n,5,n,n,n,28.9,n,n,n,13,n,n,n,2,n,n,n,9,n,n,n,7,n,n,n,3,n,n,n
2/18/24 17:30,10.4,n,n,n,12,n,n,n,3,n,n,n,25.7,n,n,n,6,n,n,n,5,n,n,n,35,n,n,n,23,n,n,n,3,n,n,n,11,n,n,n,6,n,n,n,3,n,n,n
2/18/24 18:30,25.2,n,n,n,14,n,n,n,1,n,n,n,19.6,n,n,n,9,n,n,n,9,n,n,n,61.1,n,n,n,16,n,n,n,5,n,n,n,9,n,n,n,6,n,n,n,5,n,n,n
2/18/24 19:30,42.6,n,n,n,31,n,n,n,6,n,n,n,34.9,n,n,n,11,n,n,n,7,n,n,n,46.9,n,n,n,25,n,n,n,8,n,n,n,8,n,n,n,8,n,n,n,9,n,n,n
2/18/24 20:30,26.8,n,n,n,23,n,n,n,5,n,n,n,28.3,n,n,n,16,n,n,n,8,n,n,n,54.5,n,n,n,30,n,n,n,8,n,n,n,24,n,n,n,14,n,n,n,9,n,n,n
2/18/24 21:30,27.2,n,n,n,18,n,n,n,11,n,n,n,29.2,n,n,n,14,n,n,n,9,n,n,n,49.3,n,n,n,28,n,n,n,8,n,n,n,19,n,n,n,23,n,n,n,11,n,n,n
2/18/24 22:30,28.3,n,n,n,20,n,n,n,11,n,n,n,27.7,n,n,n,17,n,n,n,11,n,n,n,40.7,n,n,n,27,n,n,n,9,n,n,n,26,n,n,n,14,n,n,n,13,n,n,n
2/18/24 23:30,23.6,n,n,n,18,n,n,n,6,n,n,n,23.9,n,n,n,14,n,n,n,11,n,n,n,44.1,n,n,n,29,n,n,n,12,n,n,n,20,n,n,n,17,n,n,n,12,n,n,n
2/19/24 0:30,23.6,n,n,n,20,n,n,n,6,n,n,n,21.7,n,n,n,23,n,n,n,8,n,n,n,24.3,n,n,n,25,n,n,n,n,n,n,n,15,n,n,n,16,n,n,n,7,n,n,n
2/19/24 1:30,20.3,n,n,n,19,n,n,n,6,n,n,n,15.7,n,n,n,12,n,n,n,7,n,n,n,20.9,n,n,n,20,n,n,n,3,n,n,n,12,n,n,n,9,n,n,n,2,n,n,n
2/19/24 2:30,23.9,n,n,n,27,n,n,n,8,n,n,n,18.1,n,n,n,13,n,n,n,n,n,n,n,27.3,n,n,n,19,n,n,n,5,n,n,n,8,n,n,n,9,n,n,n,1,n,n,n
2/19/24 3:30,14.8,n,n,n,11,n,n,n,6,n,n,n,16.7,n,n,n,14,n,n,n,5,n,n,n,20.8,n,n,n,12,n,n,n,8,n,n,n,17,n,n,n,6,n,n,n,2,n,n,n
2/19/24 4:30,14.8,n,n,n,13,n,n,n,5,n,n,n,12.1,n,n,n,7,n,n,n,8,n,n,n,20.2,n,n,n,12,n,n,n,6,n,n,n,7,n,n,n,11,n,n,n,2,n,n,n
2/19/24 5:30,15.4,n,n,n,11,n,n,n,6,n,n,n,18.5,n,n,n,14,n,n,n,6,n,n,n,30,n,n,n,20,n,n,n,7,n,n,n,11,n,n,n,9,n,n,n,3,n,n,n
2/19/24 6:30,16.1,n,n,n,13,n,n,n,5,n,n,n,26.6,n,n,n,22,n,n,n,6,n,n,n,56.2,n,n,n,27,n,n,n,7,n,n,n,14,n,n,n,13,n,n,n,7,n,n,n
2/19/24 7:30,17.4,n,n,n,23,n,n,n,8,n,n,n,9.7,n,n,n,n,n,n,n,n,n,n,n,35.7,n,n,n,17,n,n,n,6,n,n,n,23,n,n,n,12,n,n,n,6,n,n,n
2/19/24 8:30,21.7,n,n,n,14,n,n,n,9,n,n,n,9.7,n,n,n,12,n,n,n,5,n,n,n,25.9,n,n,n,19,n,n,n,7,n,n,n,24,n,n,n,12,n,n,n,8,n,n,n
2/19/24 9:30,18.1,n,n,n,14,n,n,n,6,n,n,n,16.4,n,n,n,11,n,n,n,6,n,n,n,49.7,n,n,n,22,n,n,n,9,n,n,n,13,n,n,n,11,n,n,n,7,n,n,n
2/19/24 10:30,12.5,n,n,n,8,n,n,n,2,n,n,n,17.9,n,n,n,16,n,n,n,7,n,n,n,37.7,n,n,n,18,n,n,n,7,n,n,n,11,n,n,n,8,n,n,n,6,n,n,n
2/19/24 11:30,7.7,n,n,n,6,n,n,n,5,n,n,n,12.1,n,n,n,17,n,n,n,8,n,n,n,38.2,n,n,n,14,n,n,n,5,n,n,n,21,n,n,n,8,n,n,n,6,n,n,n
2/19/24 12:30,12.3,n,n,n,9,n,n,n,3,n,n,n,16.3,n,n,n,9,n,n,n,9,n,n,n,32.8,n,n,n,22,n,n,n,5,n,n,n,14,n,n,n,11,n,n,n,5,n,n,n
2/19/24 13:30,12.5,n,n,n,6,n,n,n,3,n,n,n,10.4,n,n,n,12,n,n,n,6,n,n,n,41.2,n,n,n,22,n,n,n,7,n,n,n,11,n,n,n,12,n,n,n,2,n,n,n
2/19/24 14:30,16.1,n,n,n,12,n,n,n,2,n,n,n,23.4,n,n,n,13,n,n,n,9,n,n,n,34.4,n,n,n,22,n,n,n,5,n,n,n,25,n,n,n,12,n,n,n,5,n,n,n
2/19/24 15:30,20.5,n,n,n,14,n,n,n,2,n,n,n,8.1,n,n,n,9,n,n,n,8,n,n,n,53.8,n,n,n,30,n,n,n,11,n,n,n,14,n,n,n,8,n,n,n,3,n,n,n
2/19/24 16:30,18.5,n,n,n,12,n,n,n,6,n,n,n,32.4,n,n,n,9,n,n,n,7,n,n,n,56.8,n,n,n,34,n,n,n,7,n,n,n,17,n,n,n,13,n,n,n,7,n,n,n
2/19/24 17:30,30.2,n,n,n,16,n,n,n,7,n,n,n,26.8,n,n,n,12,n,n,n,7,n,n,n,42.1,n,n,n,12,n,n,n,6,n,n,n,21,n,n,n,8,n,n,n,5,n,n,n
2/19/24 18:30,23.5,n,n,n,11,n,n,n,5,n,n,n,46.5,n,n,n,17,n,n,n,9,n,n,n,44.2,n,n,n,18,n,n,n,11,n,n,n,22,n,n,n,17,n,n,n,7,n,n,n
2/19/24 19:30,33.2,n,n,n,14,n,n,n,6,n,n,n,35.3,n,n,n,19,n,n,n,12,n,n,n,64.3,n,n,n,39,n,n,n,19,n,n,n,17,n,n,n,11,n,n,n,7,n,n,n
2/19/24 20:30,21.8,n,n,n,16,n,n,n,7,n,n,n,31.1,n,n,n,14,n,n,n,8,n,n,n,41.4,n,n,n,17,n,n,n,7,n,n,n,11,n,n,n,14,n,n,n,8,n,n,n
2/19/24 21:30,18.6,n,n,n,13,n,n,n,5,n,n,n,8.9,n,n,n,12,n,n,n,11,n,n,n,8,n,n,n,11,n,n,n,6,n,n,n,7,n,n,n,11,n,n,n,7,n,n,n
2/19/24 22:30,15.2,n,n,n,13,n,n,n,2,n,n,n,20.1,n,n,n,12,n,n,n,11,n,n,n,16.1,n,n,n,8,n,n,n,6,n,n,n,6,n,n,n,7,n,n,n,3,n,n,n
2/19/24 23:30,11,n,n,n,11,n,n,n,n,n,n,n,11.5,n,n,n,9,n,n,n,8,n,n,n,20.1,n,n,n,19,n,n,n,5,n,n,n,5,n,n,n,7,n,n,n,6,n,n,n
2/20/24 0:30,8.5,n,n,n,7,n,n,n,5,n,n,n,14.8,n,n,n,11,n,n,n,9,n,n,n,8.8,n,n,n,12,n,n,n,n,n,n,n,5,n,n,n,n,n,n,n,3,n,n,n
2/20/24 1:30,11.5,n,n,n,12,n,n,n,6,n,n,n,7.2,n,n,n,8,n,n,n,14,n,n,n,11.1,n,n,n,11,n,n,n,n,n,n,n,4,n,n,n,1,n,n,n,n,n,n,n
2/20/24 2:30,11.1,n,n,n,7,n,n,n,3,n,n,n,8.8,n,n,n,7,n,n,n,7,n,n,n,9.4,n,n,n,9,n,n,n,1,n,n,n,2,n,n,n,3,n,n,n,2,n,n,n
2/20/24 3:30,11.8,n,n,n,7,n,n,n,2,n,n,n,4.9,n,n,n,9,n,n,n,8,n,n,n,7.8,n,n,n,11,n,n,n,1,n,n,n,2,n,n,n,7,n,n,n,3,n,n,n
2/20/24 4:30,13.7,n,n,n,8,n,n,n,3,n,n,n,14.6,n,n,n,9,n,n,n,7,n,n,n,8,n,n,n,11,n,n,n,6,n,n,n,7,n,n,n,5,n,n,n,3,n,n,n
2/20/24 5:30,12.5,n,n,n,9,n,n,n,6,n,n,n,12.3,n,n,n,11,n,n,n,5,n,n,n,15.9,n,n,n,14,n,n,n,7,n,n,n,9,n,n,n,13,n,n,n,3,n,n,n
2/20/24 6:30,14,n,n,n,14,n,n,n,6,n,n,n,21.7,n,n,n,14,n,n,n,5,n,n,n,29.3,n,n,n,14,n,n,n,6,n,n,n,8,n,n,n,7,n,n,n,3,n,n,n
2/20/24 7:30,14.9,n,n,n,16,n,n,n,5,n,n,n,18.4,n,n,n,14,n,n,n,7,n,n,n,18.6,n,n,n,14,n,n,n,6,n,n,n,9,n,n,n,9,n,n,n,5,n,n,n
2/20/24 8:30,15.2,n,n,n,16,n,n,n,3,n,n,n,23.9,n,n,n,18,n,n,n,12,n,n,n,27.3,n,n,n,14,n,n,n,2,n,n,n,9,n,n,n,7,n,n,n,3,n,n,n
2/20/24 9:30,16.4,n,n,n,16,n,n,n,3,n,n,n,23.5,n,n,n,13,n,n,n,12,n,n,n,22,n,n,n,13,n,n,n,1,n,n,n,22,n,n,n,14,n,n,n,11,n,n,n
2/20/24 10:30,17.5,n,n,n,24,n,n,n,8,n,n,n,9.1,n,n,n,13,n,n,n,7,n,n,n,14.9,n,n,n,11,n,n,n,5,n,n,n,23,n,n,n,18,n,n,n,9,n,n,n
2/20/24 11:30,120,n,n,n,77,n,n,n,22,n,n,n,17.8,n,n,n,11,n,n,n,7,n,n,n,30.9,n,n,n,17,n,n,n,5,n,n,n,47,n,n,n,30,n,n,n,11,n,n,n
2/20/24 12:30,27,n,n,n,11,n,n,n,7,n,n,n,11.3,n,n,n,11,n,n,n,7,n,n,n,47.3,n,n,n,30,n,n,n,19,n,n,n,13,n,n,n,6,n,n,n,6,n,n,n
2/20/24 13:30,8,n,n,n,12,n,n,n,5,n,n,n,23.7,n,n,n,8,n,n,n,7,n,n,n,19.8,n,n,n,17,n,n,n,9,n,n,n,23,n,n,n,19,n,n,n,12,n,n,n
2/20/24 14:30,52.5,n,n,n,63,n,n,n,20,n,n,n,20.3,n,n,n,11,n,n,n,5,n,n,n,12.1,n,n,n,16,n,n,n,6,n,n,n,15,n,n,n,8,n,n,n,12,n,n,n
2/20/24 15:30,48.5,n,n,n,17,n,n,n,7,n,n,n,11.4,n,n,n,12,n,n,n,6,n,n,n,20.6,n,n,n,16,n,n,n,7,n,n,n,26,n,n,n,24,n,n,n,11,n,n,n
2/20/24 16:30,23.4,n,n,n,16,n,n,n,5,n,n,n,23.6,n,n,n,13,n,n,n,7,n,n,n,36.7,n,n,n,20,n,n,n,5,n,n,n,22,n,n,n,19,n,n,n,14,n,n,n
2/20/24 17:30,5.5,n,n,n,n,n,n,n,n,n,n,n,11.5,n,n,n,8,n,n,n,6,n,n,n,15.5,n,n,n,17,n,n,n,7,n,n,n,9,n,n,n,11,n,n,n,5,n,n,n
2/20/24 18:30,n,n,n,n,14,n,n,n,1,n,n,n,17.4,n,n,n,9,n,n,n,7,n,n,n,24.5,n,n,n,19,n,n,n,7,n,n,n,5,n,n,n,6,n,n,n,7,n,n,n
2/20/24 19:30,15.9,n,n,n,12,n,n,n,3,n,n,n,17.8,n,n,n,8,n,n,n,7,n,n,n,22.1,n,n,n,16,n,n,n,8,n,n,n,0,n,n,n,8,n,n,n,6,n,n,n
2/20/24 20:30,13.9,n,n,n,9,n,n,n,5,n,n,n,12.5,n,n,n,8,n,n,n,7,n,n,n,12.7,n,n,n,12,n,n,n,7,n,n,n,n,n,n,n,6,n,n,n,6,n,n,n
2/20/24 21:30,11.7,n,n,n,5,n,n,n,6,n,n,n,9.7,n,n,n,7,n,n,n,7,n,n,n,9.2,n,n,n,11,n,n,n,5,n,n,n,1,n,n,n,5,n,n,n,3,n,n,n
2/20/24 22:30,8.9,n,n,n,9,n,n,n,5,n,n,n,13.3,n,n,n,6,n,n,n,9,n,n,n,14.5,n,n,n,7,n,n,n,1,n,n,n,5,n,n,n,5,n,n,n,2,n,n,n
2/20/24 23:30,11,n,n,n,9,n,n,n,3,n,n,n,6.7,n,n,n,13,n,n,n,7,n,n,n,4.4,n,n,n,7,n,n,n,3,n,n,n,4,n,n,n,5,n,n,n,3,n,n,n
2/21/24 0:30,11.1,n,n,n,18,n,n,n,5,n,n,n,6.3,n,n,n,7,n,n,n,5,n,n,n,5.4,n,n,n,9,n,n,n,n,n,n,n,2,n,n,n,2,n,n,n,3,n,n,n
2/21/24 1:30,6.4,n,n,n,5,n,n,n,2,n,n,n,1.9,n,n,n,7,n,n,n,5,n,n,n,n,n,n,n,9,n,n,n,n,n,n,n,3,n,n,n,1,n,n,n,2,n,n,n
2/21/24 2:30,11.3,n,n,n,12,n,n,n,6,n,n,n,n,n,n,n,5,n,n,n,3,n,n,n,6.9,n,n,n,9,n,n,n,2,n,n,n,3,n,n,n,2,n,n,n,3,n,n,n
2/21/24 3:30,13,n,n,n,13,n,n,n,7,n,n,n,6.9,n,n,n,3,n,n,n,3,n,n,n,8.2,n,n,n,7,n,n,n,6,n,n,n,2,n,n,n,5,n,n,n,3,n,n,n
2/21/24 4:30,11.2,n,n,n,8,n,n,n,3,n,n,n,4.4,n,n,n,2,n,n,n,3,n,n,n,9.6,n,n,n,9,n,n,n,5,n,n,n,4,n,n,n,5,n,n,n,2,n,n,n
2/21/24 5:30,14.7,n,n,n,3,n,n,n,5,n,n,n,9.4,n,n,n,5,n,n,n,3,n,n,n,13.8,n,n,n,12,n,n,n,6,n,n,n,2,n,n,n,5,n,n,n,8,n,n,n
2/21/24 6:30,10.5,n,n,n,14,n,n,n,6,n,n,n,24.6,n,n,n,17,n,n,n,5,n,n,n,22.8,n,n,n,14,n,n,n,3,n,n,n,n,n,n,n,3,n,n,n,6,n,n,n
2/21/24 7:30,11.1,n,n,n,8,n,n,n,3,n,n,n,15.4,n,n,n,12,n,n,n,6,n,n,n,22.5,n,n,n,17,n,n,n,2,n,n,n,1,n,n,n,3,n,n,n,2,n,n,n
2/21/24 8:30,9.8,n,n,n,6,n,n,n,6,n,n,n,17.1,n,n,n,9,n,n,n,5,n,n,n,25.2,n,n,n,13,n,n,n,3,n,n,n,16,n,n,n,8,n,n,n,7,n,n,n
2/21/24 9:30,7.1,n,n,n,6,n,n,n,3,n,n,n,7.3,n,n,n,7,n,n,n,5,n,n,n,9.3,n,n,n,8,n,n,n,3,n,n,n,11,n,n,n,7,n,n,n,6,n,n,n
2/21/24 10:30,6.6,n,n,n,6,n,n,n,1,n,n,n,9.8,n,n,n,6,n,n,n,5,n,n,n,5.5,n,n,n,7,n,n,n,3,n,n,n,9,n,n,n,9,n,n,n,5,n,n,n
2/21/24 11:30,23,n,n,n,16,n,n,n,7,n,n,n,5.4,n,n,n,11,n,n,n,11,n,n,n,10.9,n,n,n,8,n,n,n,5,n,n,n,5,n,n,n,9,n,n,n,2,n,n,n
2/21/24 12:30,5.6,n,n,n,3,n,n,n,6,n,n,n,1.3,n,n,n,7,n,n,n,7,n,n,n,n,n,n,n,9,n,n,n,2,n,n,n,2,n,n,n,5,n,n,n,1,n,n,n
2/21/24 13:30,23.4,n,n,n,22,n,n,n,7,n,n,n,11.8,n,n,n,11,n,n,n,7,n,n,n,18.6,n,n,n,13,n,n,n,3,n,n,n,2,n,n,n,1,n,n,n,2,n,n,n
2/21/24 14:30,31.6,n,n,n,19,n,n,n,5,n,n,n,34.9,n,n,n,29,n,n,n,13,n,n,n,20.1,n,n,n,9,n,n,n,3,n,n,n,2,n,n,n,3,n,n,n,5,n,n,n
2/21/24 15:30,25.4,n,n,n,14,n,n,n,2,n,n,n,16.2,n,n,n,6,n,n,n,7,n,n,n,20.2,n,n,n,12,n,n,n,3,n,n,n,10,n,n,n,7,n,n,n,3,n,n,n
2/21/24 16:30,17.7,n,n,n,17,n,n,n,6,n,n,n,21.7,n,n,n,17,n,n,n,8,n,n,n,34.2,n,n,n,22,n,n,n,5,n,n,n,8,n,n,n,5,n,n,n,5,n,n,n
2/21/24 17:30,41.8,n,n,n,24,n,n,n,6,n,n,n,39.8,n,n,n,22,n,n,n,7,n,n,n,45.3,n,n,n,16,n,n,n,7,n,n,n,7,n,n,n,7,n,n,n,6,n,n,n
2/21/24 18:30,26.8,n,n,n,16,n,n,n,3,n,n,n,28.4,n,n,n,17,n,n,n,7,n,n,n,26.3,n,n,n,17,n,n,n,6,n,n,n,9,n,n,n,7,n,n,n,5,n,n,n
2/21/24 19:30,25,n,n,n,17,n,n,n,3,n,n,n,24,n,n,n,18,n,n,n,7,n,n,n,26.5,n,n,n,13,n,n,n,7,n,n,n,6,n,n,n,5,n,n,n,3,n,n,n
2/21/24 20:30,14.7,n,n,n,8,n,n,n,1,n,n,n,13.7,n,n,n,8,n,n,n,7,n,n,n,17.2,n,n,n,8,n,n,n,5,n,n,n,7,n,n,n,3,n,n,n,3,n,n,n
2/21/24 21:30,10.8,n,n,n,14,n,n,n,n,n,n,n,5.6,n,n,n,7,n,n,n,6,n,n,n,7.4,n,n,n,6,n,n,n,1,n,n,n,10,n,n,n,3,n,n,n,7,n,n,n
2/21/24 22:30,10.3,n,n,n,8,n,n,n,3,n,n,n,14,n,n,n,9,n,n,n,5,n,n,n,14.7,n,n,n,8,n,n,n,n,n,n,n,6,n,n,n,6,n,n,n,8,n,n,n
2/21/24 23:30,13.1,n,n,n,9,n,n,n,6,n,n,n,11.1,n,n,n,7,n,n,n,3,n,n,n,10.5,n,n,n,8,n,n,n,11,n,n,n,2,n,n,n,3,n,n,n,6,n,n,n
2/22/24 0:30,10.8,n,n,n,11,n,n,n,3,n,n,n,10,n,n,n,5,n,n,n,6,n,n,n,7.8,n,n,n,7,n,n,n,n,n,n,n,3,n,n,n,n,n,n,n,5,n,n,n
2/22/24 1:30,9.6,n,n,n,16,n,n,n,n,n,n,n,6.4,n,n,n,3,n,n,n,6,n,n,n,3.7,n,n,n,5,n,n,n,n,n,n,n,n,n,n,n,n,n,n,n,5,n,n,n
2/22/24 2:30,10,n,n,n,12,n,n,n,5,n,n,n,1.9,n,n,n,2,n,n,n,6,n,n,n,3.9,n,n,n,5,n,n,n,n,n,n,n,n,n,n,n,n,n,n,n,3,n,n,n
2/22/24 3:30,12.8,n,n,n,13,n,n,n,3,n,n,n,5.5,n,n,n,2,n,n,n,3,n,n,n,3.6,n,n,n,11,n,n,n,1,n,n,n,3,n,n,n,6,n,n,n,3,n,n,n
2/22/24 4:30,11.3,n,n,n,11,n,n,n,3,n,n,n,5.9,n,n,n,7,n,n,n,5,n,n,n,6.2,n,n,n,8,n,n,n,1,n,n,n,2,n,n,n,5,n,n,n,3,n,n,n
2/22/24 5:30,11.6,n,n,n,7,n,n,n,1,n,n,n,10.4,n,n,n,7,n,n,n,7,n,n,n,8.9,n,n,n,6,n,n,n,3,n,n,n,5,n,n,n,1,n,n,n,3,n,n,n
2/22/24 6:30,10.5,n,n,n,8,n,n,n,n,n,n,n,11.9,n,n,n,6,n,n,n,14,n,n,n,10.6,n,n,n,9,n,n,n,3,n,n,n,3,n,n,n,1,n,n,n,2,n,n,n
2/22/24 7:30,8.6,n,n,n,8,n,n,n,3,n,n,n,10.5,n,n,n,7,n,n,n,7,n,n,n,11.6,n,n,n,5,n,n,n,2,n,n,n,n,n,n,n,5,n,n,n,1,n,n,n
2/22/24 8:30,6.6,n,n,n,n,n,n,n,n,n,n,n,10.8,n,n,n,7,n,n,n,9,n,n,n,14.9,n,n,n,5,n,n,n,5,n,n,n,n,n,n,n,6,n,n,n,6,n,n,n
2/22/24 9:30,n,n,n,n,3,n,n,n,5,n,n,n,n,n,n,n,5,n,n,n,n,n,n,n,3.7,n,n,n,7,n,n,n,3,n,n,n,n,n,n,n,1,n,n,n,2,n,n,n
2/22/24 10:30,3.1,n,n,n,5,n,n,n,5,n,n,n,2.8,n,n,n,3,n,n,n,5,n,n,n,7,n,n,n,13,n,n,n,8,n,n,n,n,n,n,n,1,n,n,n,n,n,n,n
2/22/24 11:30,3.1,n,n,n,n,n,n,n,n,n,n,n,11.7,n,n,n,7,n,n,n,5,n,n,n,21,n,n,n,9,n,n,n,7,n,n,n,1,n,n,n,2,n,n,n,3,n,n,n
2/22/24 12:30,n,n,n,n,2,n,n,n,2,n,n,n,18.2,n,n,n,8,n,n,n,2,n,n,n,7.6,n,n,n,6,n,n,n,2,n,n,n,3,n,n,n,3,n,n,n,2,n,n,n
2/22/24 13:30,9.3,n,n,n,3,n,n,n,n,n,n,n,19.1,n,n,n,11,n,n,n,2,n,n,n,3.9,n,n,n,3,n,n,n,3,n,n,n,4,n,n,n,2,n,n,n,5,n,n,n
2/22/24 14:30,7.4,n,n,n,8,n,n,n,2,n,n,n,24.1,n,n,n,14,n,n,n,7,n,n,n,6.3,n,n,n,7,n,n,n,3,n,n,n,3,n,n,n,8,n,n,n,5,n,n,n
2/22/24 15:30,11.8,n,n,n,18,n,n,n,5,n,n,n,1.4,n,n,n,8,n,n,n,5,n,n,n,5.5,n,n,n,5,n,n,n,5,n,n,n,6,n,n,n,8,n,n,n,8,n,n,n
2/22/24 16:30,13.1,n,n,n,7,n,n,n,5,n,n,n,17,n,n,n,9,n,n,n,7,n,n,n,8.4,n,n,n,11,n,n,n,7,n,n,n,10,n,n,n,9,n,n,n,5,n,n,n
2/22/24 17:30,9.5,n,n,n,3,n,n,n,5,n,n,n,7.5,n,n,n,16,n,n,n,9,n,n,n,9.6,n,n,n,14,n,n,n,5,n,n,n,6,n,n,n,7,n,n,n,3,n,n,n
2/22/24 18:30,10.5,n,n,n,11,n,n,n,5,n,n,n,26.1,n,n,n,18,n,n,n,9,n,n,n,15.8,n,n,n,12,n,n,n,5,n,n,n,2,n,n,n,5,n,n,n,5,n,n,n
2/22/24 19:30,17.2,n,n,n,16,n,n,n,3,n,n,n,32.8,n,n,n,22,n,n,n,11,n,n,n,41,n,n,n,25,n,n,n,12,n,n,n,6,n,n,n,8,n,n,n,5,n,n,n
2/22/24 20:30,24.3,n,n,n,16,n,n,n,3,n,n,n,26.3,n,n,n,14,n,n,n,6,n,n,n,36.4,n,n,n,19,n,n,n,11,n,n,n,4,n,n,n,6,n,n,n,7,n,n,n
2/22/24 21:30,19.8,n,n,n,14,n,n,n,6,n,n,n,14.4,n,n,n,11,n,n,n,5,n,n,n,19,n,n,n,17,n,n,n,8,n,n,n,2,n,n,n,5,n,n,n,6,n,n,n
2/22/24 22:30,1.2,n,n,n,n,n,n,n,n,n,n,n,17.7,n,n,n,14,n,n,n,6,n,n,n,20.7,n,n,n,17,n,n,n,6,n,n,n,6,n,n,n,8,n,n,n,3,n,n,n
2/22/24 23:30,n,n,n,n,14,n,n,n,2,n,n,n,17.3,n,n,n,12,n,n,n,8,n,n,n,27.5,n,n,n,20,n,n,n,5,n,n,n,7,n,n,n,12,n,n,n,5,n,n,n
2/23/24 0:30,14.2,n,n,n,8,n,n,n,6,n,n,n,12.9,n,n,n,7,n,n,n,7,n,n,n,21.2,n,n,n,19,n,n,n,n,n,n,n,6,n,n,n,11,n,n,n,5,n,n,n
2/23/24 1:30,13.8,n,n,n,12,n,n,n,5,n,n,n,11,n,n,n,8,n,n,n,6,n,n,n,21.3,n,n,n,20,n,n,n,1,n,n,n,5,n,n,n,8,n,n,n,5,n,n,n
2/23/24 2:30,14.6,n,n,n,13,n,n,n,1,n,n,n,11.3,n,n,n,12,n,n,n,5,n,n,n,16.2,n,n,n,20,n,n,n,5,n,n,n,7,n,n,n,8,n,n,n,5,n,n,n
2/23/24 3:30,14.5,n,n,n,8,n,n,n,n,n,n,n,2.9,n,n,n,7,n,n,n,5,n,n,n,6,n,n,n,7,n,n,n,5,n,n,n,6,n,n,n,6,n,n,n,5,n,n,n
2/23/24 4:30,13.2,n,n,n,12,n,n,n,n,n,n,n,9.1,n,n,n,7,n,n,n,5,n,n,n,8.1,n,n,n,8,n,n,n,6,n,n,n,6,n,n,n,6,n,n,n,3,n,n,n
2/23/24 5:30,13.1,n,n,n,12,n,n,n,2,n,n,n,10.3,n,n,n,3,n,n,n,6,n,n,n,10.3,n,n,n,7,n,n,n,5,n,n,n,8,n,n,n,6,n,n,n,3,n,n,n
2/23/24 6:30,12.4,n,n,n,7,n,n,n,2,n,n,n,16.7,n,n,n,8,n,n,n,7,n,n,n,15.4,n,n,n,9,n,n,n,2,n,n,n,9,n,n,n,6,n,n,n,2,n,n,n
2/23/24 7:30,12.8,n,n,n,11,n,n,n,1,n,n,n,24,n,n,n,16,n,n,n,5,n,n,n,19.8,n,n,n,9,n,n,n,1,n,n,n,7,n,n,n,8,n,n,n,2,n,n,n
2/23/24 8:30,21.8,n,n,n,19,n,n,n,2,n,n,n,23.6,n,n,n,n,n,n,n,7,n,n,n,18,n,n,n,14,n,n,n,1,n,n,n,8,n,n,n,12,n,n,n,2,n,n,n
2/23/24 9:30,24.8,n,n,n,14,n,n,n,2,n,n,n,8.9,n,n,n,6,n,n,n,8,n,n,n,22.1,n,n,n,11,n,n,n,2,n,n,n,23,n,n,n,16,n,n,n,7,n,n,n
2/23/24 10:30,25.6,n,n,n,13,n,n,n,8,n,n,n,25.2,n,n,n,18,n,n,n,9,n,n,n,13,n,n,n,13,n,n,n,1,n,n,n,15,n,n,n,8,n,n,n,7,n,n,n
2/23/24 11:30,25.3,n,n,n,9,n,n,n,5,n,n,n,11.7,n,n,n,17,n,n,n,9,n,n,n,21,n,n,n,18,n,n,n,n,n,n,n,12,n,n,n,11,n,n,n,1,n,n,n
2/23/24 12:30,22.7,n,n,n,12,n,n,n,n,n,n,n,20.6,n,n,n,7,n,n,n,6,n,n,n,31.1,n,n,n,18,n,n,n,2,n,n,n,10,n,n,n,6,n,n,n,n,n,n,n
2/23/24 13:30,19.9,n,n,n,12,n,n,n,1,n,n,n,n,n,n,n,8,n,n,n,5,n,n,n,19.1,n,n,n,8,n,n,n,5,n,n,n,11,n,n,n,7,n,n,n,n,n,n,n
2/23/24 14:30,20.2,n,n,n,14,n,n,n,7,n,n,n,39.1,n,n,n,16,n,n,n,7,n,n,n,62.1,n,n,n,24,n,n,n,9,n,n,n,23,n,n,n,13,n,n,n,2,n,n,n
2/23/24 15:30,30.4,n,n,n,16,n,n,n,3,n,n,n,39.9,n,n,n,14,n,n,n,6,n,n,n,42.8,n,n,n,12,n,n,n,6,n,n,n,11,n,n,n,9,n,n,n,7,n,n,n
2/23/24 16:30,16,n,n,n,16,n,n,n,3,n,n,n,3.4,n,n,n,11,n,n,n,5,n,n,n,2.4,n,n,n,19,n,n,n,5,n,n,n,15,n,n,n,13,n,n,n,7,n,n,n
2/23/24 17:30,15.6,n,n,n,13,n,n,n,7,n,n,n,26,n,n,n,9,n,n,n,7,n,n,n,32.7,n,n,n,18,n,n,n,18,n,n,n,13,n,n,n,11,n,n,n,7,n,n,n
2/23/24 18:30,18.1,n,n,n,14,n,n,n,12,n,n,n,15.6,n,n,n,13,n,n,n,8,n,n,n,58.5,n,n,n,45,n,n,n,35,n,n,n,20,n,n,n,16,n,n,n,11,n,n,n
2/23/24 19:30,17,n,n,n,13,n,n,n,7,n,n,n,18.7,n,n,n,18,n,n,n,11,n,n,n,35.9,n,n,n,31,n,n,n,17,n,n,n,16,n,n,n,9,n,n,n,11,n,n,n
2/23/24 20:30,13.9,n,n,n,13,n,n,n,5,n,n,n,17.4,n,n,n,9,n,n,n,11,n,n,n,62,n,n,n,28,n,n,n,13,n,n,n,14,n,n,n,9,n,n,n,7,n,n,n
2/23/24 21:30,14.6,n,n,n,18,n,n,n,3,n,n,n,23.3,n,n,n,24,n,n,n,n,n,n,n,61.5,n,n,n,39,n,n,n,14,n,n,n,24,n,n,n,14,n,n,n,9,n,n,n
2/23/24 22:30,31.8,n,n,n,28,n,n,n,9,n,n,n,24.8,n,n,n,19,n,n,n,2,n,n,n,58.4,n,n,n,31,n,n,n,7,n,n,n,28,n,n,n,19,n,n,n,12,n,n,n
2/23/24 23:30,32.4,n,n,n,23,n,n,n,8,n,n,n,45,n,n,n,29,n,n,n,6,n,n,n,67.8,n,n,n,38,n,n,n,13,n,n,n,32,n,n,n,22,n,n,n,8,n,n,n
2/24/24 0:30,26.3,n,n,n,19,n,n,n,6,n,n,n,37.3,n,n,n,25,n,n,n,11,n,n,n,55.8,n,n,n,30,n,n,n,9,n,n,n,24,n,n,n,14,n,n,n,7,n,n,n
2/24/24 1:30,24.6,n,n,n,22,n,n,n,5,n,n,n,19.3,n,n,n,11,n,n,n,7,n,n,n,35.7,n,n,n,14,n,n,n,7,n,n,n,12,n,n,n,8,n,n,n,8,n,n,n
2/24/24 2:30,28,n,n,n,16,n,n,n,6,n,n,n,8.1,n,n,n,7,n,n,n,7,n,n,n,24.3,n,n,n,14,n,n,n,9,n,n,n,9,n,n,n,8,n,n,n,9,n,n,n
2/24/24 3:30,34.1,n,n,n,5,n,n,n,6,n,n,n,11.9,n,n,n,7,n,n,n,7,n,n,n,22.3,n,n,n,9,n,n,n,11,n,n,n,6,n,n,n,6,n,n,n,6,n,n,n
2/24/24 4:30,25.1,n,n,n,13,n,n,n,3,n,n,n,10.9,n,n,n,7,n,n,n,7,n,n,n,16.2,n,n,n,9,n,n,n,6,n,n,n,10,n,n,n,5,n,n,n,5,n,n,n
2/24/24 5:30,16.3,n,n,n,8,n,n,n,2,n,n,n,12.1,n,n,n,8,n,n,n,8,n,n,n,20.6,n,n,n,9,n,n,n,8,n,n,n,8,n,n,n,3,n,n,n,3,n,n,n
2/24/24 6:30,26.3,n,n,n,5,n,n,n,6,n,n,n,23,n,n,n,12,n,n,n,6,n,n,n,34.1,n,n,n,9,n,n,n,6,n,n,n,8,n,n,n,5,n,n,n,6,n,n,n
2/24/24 7:30,25.6,n,n,n,22,n,n,n,9,n,n,n,35.1,n,n,n,16,n,n,n,5,n,n,n,35.9,n,n,n,18,n,n,n,7,n,n,n,13,n,n,n,12,n,n,n,5,n,n,n
2/24/24 8:30,16.3,n,n,n,27,n,n,n,7,n,n,n,4.4,n,n,n,14,n,n,n,8,n,n,n,20.4,n,n,n,18,n,n,n,6,n,n,n,8,n,n,n,14,n,n,n,6,n,n,n
2/24/24 9:30,20.8,n,n,n,14,n,n,n,6,n,n,n,12.1,n,n,n,12,n,n,n,8,n,n,n,10.7,n,n,n,16,n,n,n,5,n,n,n,9,n,n,n,9,n,n,n,7,n,n,n
2/24/24 10:30,24.7,n,n,n,12,n,n,n,6,n,n,n,16.1,n,n,n,13,n,n,n,8,n,n,n,10.3,n,n,n,13,n,n,n,5,n,n,n,7,n,n,n,8,n,n,n,9,n,n,n
2/24/24 11:30,18.5,n,n,n,11,n,n,n,3,n,n,n,12.6,n,n,n,11,n,n,n,6,n,n,n,24.9,n,n,n,14,n,n,n,9,n,n,n,7,n,n,n,7,n,n,n,6,n,n,n
2/24/24 12:30,21.5,n,n,n,14,n,n,n,5,n,n,n,15.4,n,n,n,14,n,n,n,9,n,n,n,16.6,n,n,n,13,n,n,n,8,n,n,n,7,n,n,n,6,n,n,n,3,n,n,n
2/24/24 13:30,18.4,n,n,n,8,n,n,n,5,n,n,n,22.8,n,n,n,13,n,n,n,7,n,n,n,19.9,n,n,n,11,n,n,n,7,n,n,n,6,n,n,n,3,n,n,n,2,n,n,n
2/24/24 14:30,15.5,n,n,n,7,n,n,n,2,n,n,n,22.2,n,n,n,8,n,n,n,11,n,n,n,13.5,n,n,n,13,n,n,n,5,n,n,n,8,n,n,n,6,n,n,n,2,n,n,n
2/24/24 15:30,15.5,n,n,n,8,n,n,n,2,n,n,n,20,n,n,n,8,n,n,n,7,n,n,n,35.6,n,n,n,33,n,n,n,16,n,n,n,10,n,n,n,8,n,n,n,2,n,n,n
2/24/24 16:30,18.3,n,n,n,16,n,n,n,6,n,n,n,70,n,n,n,n,n,n,n,13,n,n,n,12.8,n,n,n,16,n,n,n,7,n,n,n,16,n,n,n,12,n,n,n,5,n,n,n
2/24/24 17:30,29.6,n,n,n,17,n,n,n,8,n,n,n,24.2,n,n,n,1,n,n,n,7,n,n,n,42,n,n,n,14,n,n,n,8,n,n,n,8,n,n,n,11,n,n,n,3,n,n,n
2/24/24 18:30,21.3,n,n,n,20,n,n,n,9,n,n,n,19.5,n,n,n,6,n,n,n,5,n,n,n,71.2,n,n,n,28,n,n,n,6,n,n,n,16,n,n,n,17,n,n,n,6,n,n,n
2/24/24 19:30,24.5,n,n,n,24,n,n,n,6,n,n,n,22.4,n,n,n,11,n,n,n,11,n,n,n,62.1,n,n,n,34,n,n,n,9,n,n,n,42,n,n,n,28,n,n,n,14,n,n,n
2/24/24 20:30,33.6,n,n,n,22,n,n,n,5,n,n,n,43,n,n,n,27,n,n,n,14,n,n,n,74.1,n,n,n,39,n,n,n,11,n,n,n,32,n,n,n,19,n,n,n,11,n,n,n
2/24/24 21:30,40.1,n,n,n,36,n,n,n,11,n,n,n,41.7,n,n,n,29,n,n,n,13,n,n,n,73.8,n,n,n,47,n,n,n,18,n,n,n,19,n,n,n,14,n,n,n,12,n,n,n
2/24/24 22:30,36.2,n,n,n,34,n,n,n,11,n,n,n,29.5,n,n,n,24,n,n,n,12,n,n,n,72.8,n,n,n,44,n,n,n,20,n,n,n,14,n,n,n,16,n,n,n,7,n,n,n
2/24/24 23:30,28.6,n,n,n,22,n,n,n,7,n,n,n,13,n,n,n,16,n,n,n,8,n,n,n,57.9,n,n,n,40,n,n,n,9,n,n,n,18,n,n,n,19,n,n,n,5,n,n,n
2/25/24 0:30,31,n,n,n,24,n,n,n,8,n,n,n,24.8,n,n,n,23,n,n,n,11,n,n,n,39.1,n,n,n,27,n,n,n,8,n,n,n,21,n,n,n,18,n,n,n,6,n,n,n
2/25/24 1:30,33.1,n,n,n,22,n,n,n,7,n,n,n,28.6,n,n,n,22,n,n,n,7,n,n,n,38.3,n,n,n,29,n,n,n,n,n,n,n,18,n,n,n,22,n,n,n,8,n,n,n
2/25/24 2:30,27.3,n,n,n,18,n,n,n,3,n,n,n,28.1,n,n,n,25,n,n,n,7,n,n,n,41.4,n,n,n,30,n,n,n,8,n,n,n,25,n,n,n,13,n,n,n,6,n,n,n
2/25/24 3:30,58.3,n,n,n,n,n,n,n,5,n,n,n,21.9,n,n,n,12,n,n,n,7,n,n,n,60.6,n,n,n,27,n,n,n,11,n,n,n,21,n,n,n,11,n,n,n,7,n,n,n
2/25/24 4:30,82.3,n,n,n,n,n,n,n,8,n,n,n,14.3,n,n,n,13,n,n,n,9,n,n,n,61.7,n,n,n,20,n,n,n,8,n,n,n,11,n,n,n,7,n,n,n,7,n,n,n
2/25/24 5:30,54.7,n,n,n,n,n,n,n,5,n,n,n,15.2,n,n,n,9,n,n,n,7,n,n,n,69.5,n,n,n,9,n,n,n,7,n,n,n,12,n,n,n,8,n,n,n,6,n,n,n
2/25/24 6:30,47.5,n,n,n,n,n,n,n,5,n,n,n,24.9,n,n,n,n,n,n,n,7,n,n,n,43.3,n,n,n,13,n,n,n,13,n,n,n,19,n,n,n,6,n,n,n,7,n,n,n
2/25/24 7:30,21.4,n,n,n,n,n,n,n,5,n,n,n,29,n,n,n,11,n,n,n,9,n,n,n,30.5,n,n,n,13,n,n,n,9,n,n,n,27,n,n,n,2,n,n,n,5,n,n,n
2/25/24 8:30,17.3,n,n,n,n,n,n,n,6,n,n,n,21,n,n,n,19,n,n,n,12,n,n,n,25.3,n,n,n,18,n,n,n,8,n,n,n,20,n,n,n,9,n,n,n,3,n,n,n
2/25/24 9:30,5.7,n,n,n,n,n,n,n,n,n,n,n,3.9,n,n,n,11,n,n,n,9,n,n,n,7.6,n,n,n,17,n,n,n,8,n,n,n,13,n,n,n,12,n,n,n,3,n,n,n
2/25/24 10:30,n,n,n,n,n,n,n,n,7,n,n,n,13.5,n,n,n,12,n,n,n,12,n,n,n,12.1,n,n,n,14,n,n,n,6,n,n,n,13,n,n,n,9,n,n,n,2,n,n,n
2/25/24 11:30,9.2,n,n,n,n,n,n,n,6,n,n,n,n,n,n,n,16,n,n,n,9,n,n,n,1.5,n,n,n,14,n,n,n,3,n,n,n,8,n,n,n,9,n,n,n,8,n,n,n
2/25/24 12:30,6.5,n,n,n,n,n,n,n,5,n,n,n,n,n,n,n,11,n,n,n,9,n,n,n,n,n,n,n,13,n,n,n,3,n,n,n,8,n,n,n,6,n,n,n,6,n,n,n
2/25/24 13:30,11.4,n,n,n,n,n,n,n,5,n,n,n,18.6,n,n,n,12,n,n,n,11,n,n,n,14.7,n,n,n,16,n,n,n,9,n,n,n,7,n,n,n,3,n,n,n,5,n,n,n
2/25/24 14:30,9.1,n,n,n,n,n,n,n,5,n,n,n,7.4,n,n,n,13,n,n,n,9,n,n,n,17.3,n,n,n,18,n,n,n,13,n,n,n,9,n,n,n,3,n,n,n,3,n,n,n
2/25/24 15:30,5.8,n,n,n,n,n,n,n,6,n,n,n,n,n,n,n,14,n,n,n,16,n,n,n,n,n,n,n,16,n,n,n,11,n,n,n,11,n,n,n,7,n,n,n,2,n,n,n
2/25/24 16:30,10.7,n,n,n,n,n,n,n,6,n,n,n,16.4,n,n,n,12,n,n,n,8,n,n,n,22,n,n,n,14,n,n,n,8,n,n,n,10,n,n,n,7,n,n,n,6,n,n,n
2/25/24 17:30,7.1,n,n,n,n,n,n,n,n,n,n,n,30,n,n,n,14,n,n,n,14,n,n,n,36.2,n,n,n,18,n,n,n,8,n,n,n,12,n,n,n,9,n,n,n,6,n,n,n
2/25/24 18:30,2.5,n,n,n,n,n,n,n,8,n,n,n,46.6,n,n,n,17,n,n,n,11,n,n,n,95.1,n,n,n,33,n,n,n,13,n,n,n,17,n,n,n,11,n,n,n,8,n,n,n
2/25/24 19:30,62.2,n,n,n,n,n,n,n,9,n,n,n,36.5,n,n,n,17,n,n,n,11,n,n,n,67,n,n,n,33,n,n,n,13,n,n,n,14,n,n,n,16,n,n,n,9,n,n,n
2/25/24 20:30,65.8,n,n,n,n,n,n,n,14,n,n,n,31.8,n,n,n,18,n,n,n,11,n,n,n,73.2,n,n,n,36,n,n,n,20,n,n,n,17,n,n,n,14,n,n,n,7,n,n,n
2/25/24 21:30,49.2,n,n,n,n,n,n,n,11,n,n,n,25,n,n,n,19,n,n,n,8,n,n,n,39.6,n,n,n,23,n,n,n,8,n,n,n,18,n,n,n,11,n,n,n,7,n,n,n
2/25/24 22:30,40.9,n,n,n,n,n,n,n,13,n,n,n,24.9,n,n,n,17,n,n,n,16,n,n,n,38.8,n,n,n,23,n,n,n,11,n,n,n,20,n,n,n,19,n,n,n,11,n,n,n
2/25/24 23:30,38.9,n,n,n,n,n,n,n,9,n,n,n,25.3,n,n,n,18,n,n,n,8,n,n,n,37.9,n,n,n,25,n,n,n,7,n,n,n,20,n,n,n,19,n,n,n,8,n,n,n
2/26/24 0:30,35.2,n,n,n,n,n,n,n,11,n,n,n,19.3,n,n,n,18,n,n,n,12,n,n,n,29.8,n,n,n,24,n,n,n,5,n,n,n,22,n,n,n,n,n,n,n,7,n,n,n
2/26/24 1:30,28,n,n,n,n,n,n,n,11,n,n,n,25.1,n,n,n,16,n,n,n,9,n,n,n,27.6,n,n,n,22,n,n,n,9,n,n,n,23,n,n,n,13,n,n,n,8,n,n,n
2/26/24 2:30,28.9,n,n,n,n,n,n,n,9,n,n,n,29.7,n,n,n,22,n,n,n,9,n,n,n,28.2,n,n,n,19,n,n,n,11,n,n,n,20,n,n,n,14,n,n,n,9,n,n,n
2/26/24 3:30,32.5,n,n,n,n,n,n,n,13,n,n,n,29,n,n,n,23,n,n,n,13,n,n,n,25.3,n,n,n,27,n,n,n,7,n,n,n,19,n,n,n,18,n,n,n,8,n,n,n
2/26/24 4:30,37.9,n,n,n,n,n,n,n,8,n,n,n,27,n,n,n,20,n,n,n,9,n,n,n,28.1,n,n,n,25,n,n,n,12,n,n,n,25,n,n,n,14,n,n,n,7,n,n,n
2/26/24 5:30,49.9,n,n,n,n,n,n,n,11,n,n,n,30.7,n,n,n,27,n,n,n,11,n,n,n,33,n,n,n,23,n,n,n,8,n,n,n,19,n,n,n,18,n,n,n,7,n,n,n
2/26/24 6:30,54.3,n,n,n,n,n,n,n,12,n,n,n,50.6,n,n,n,25,n,n,n,13,n,n,n,62.7,n,n,n,30,n,n,n,11,n,n,n,31,n,n,n,12,n,n,n,7,n,n,n
2/26/24 7:30,36.3,n,n,n,n,n,n,n,11,n,n,n,21.5,n,n,n,25,n,n,n,16,n,n,n,61,n,n,n,40,n,n,n,14,n,n,n,26,n,n,n,23,n,n,n,7,n,n,n
2/26/24 8:30,26.9,n,n,n,n,n,n,n,8,n,n,n,22.8,n,n,n,23,n,n,n,13,n,n,n,20.6,n,n,n,19,n,n,n,8,n,n,n,25,n,n,n,16,n,n,n,6,n,n,n
2/26/24 9:30,19.9,n,n,n,n,n,n,n,8,n,n,n,34.9,n,n,n,36,n,n,n,14,n,n,n,21.2,n,n,n,18,n,n,n,6,n,n,n,7,n,n,n,13,n,n,n,7,n,n,n
2/26/24 10:30,21.7,n,n,n,n,n,n,n,11,n,n,n,8.4,n,n,n,12,n,n,n,11,n,n,n,10.8,n,n,n,20,n,n,n,5,n,n,n,10,n,n,n,9,n,n,n,6,n,n,n
2/26/24 11:30,4.1,n,n,n,14,n,n,n,7,n,n,n,n,n,n,n,18,n,n,n,8,n,n,n,n,n,n,n,16,n,n,n,7,n,n,n,10,n,n,n,9,n,n,n,8,n,n,n
2/26/24 12:30,13.7,n,n,n,12,n,n,n,7,n,n,n,17.6,n,n,n,13,n,n,n,8,n,n,n,8.6,n,n,n,13,n,n,n,9,n,n,n,11,n,n,n,8,n,n,n,7,n,n,n
2/26/24 13:30,4.5,n,n,n,11,n,n,n,6,n,n,n,18.1,n,n,n,12,n,n,n,7,n,n,n,12.9,n,n,n,11,n,n,n,8,n,n,n,8,n,n,n,12,n,n,n,6,n,n,n
2/26/24 14:30,15.3,n,n,n,11,n,n,n,7,n,n,n,61.3,n,n,n,45,n,n,n,8,n,n,n,22.6,n,n,n,17,n,n,n,6,n,n,n,12,n,n,n,8,n,n,n,7,n,n,n
2/26/24 15:30,14.1,n,n,n,17,n,n,n,6,n,n,n,288.5,n,n,n,186,n,n,n,22,n,n,n,36.1,n,n,n,18,n,n,n,9,n,n,n,13,n,n,n,7,n,n,n,7,n,n,n
2/26/24 16:30,16.3,n,n,n,11,n,n,n,7,n,n,n,20.8,n,n,n,12,n,n,n,13,n,n,n,21.2,n,n,n,22,n,n,n,11,n,n,n,17,n,n,n,9,n,n,n,8,n,n,n
2/26/24 17:30,32.1,n,n,n,30,n,n,n,14,n,n,n,33,n,n,n,13,n,n,n,12,n,n,n,56.5,n,n,n,34,n,n,n,14,n,n,n,13,n,n,n,8,n,n,n,5,n,n,n
2/26/24 18:30,61.4,n,n,n,40,n,n,n,9,n,n,n,39.8,n,n,n,18,n,n,n,11,n,n,n,115.1,n,n,n,47,n,n,n,22,n,n,n,26,n,n,n,12,n,n,n,8,n,n,n
2/26/24 19:30,80.7,n,n,n,52,n,n,n,14,n,n,n,34.2,n,n,n,22,n,n,n,13,n,n,n,89.4,n,n,n,44,n,n,n,18,n,n,n,44,n,n,n,20,n,n,n,8,n,n,n
2/26/24 20:30,63.8,n,n,n,35,n,n,n,12,n,n,n,68.4,n,n,n,45,n,n,n,17,n,n,n,78.4,n,n,n,38,n,n,n,17,n,n,n,47,n,n,n,36,n,n,n,14,n,n,n
2/26/24 21:30,78.6,n,n,n,40,n,n,n,11,n,n,n,70.4,n,n,n,40,n,n,n,16,n,n,n,58.1,n,n,n,42,n,n,n,18,n,n,n,46,n,n,n,28,n,n,n,14,n,n,n
2/26/24 22:30,57.5,n,n,n,33,n,n,n,13,n,n,n,69.3,n,n,n,44,n,n,n,16,n,n,n,57.7,n,n,n,36,n,n,n,11,n,n,n,41,n,n,n,25,n,n,n,16,n,n,n
2/26/24 23:30,50.5,n,n,n,27,n,n,n,16,n,n,n,54.7,n,n,n,34,n,n,n,18,n,n,n,51,n,n,n,31,n,n,n,19,n,n,n,30,n,n,n,20,n,n,n,13,n,n,n
2/27/24 0:30,43.6,n,n,n,20,n,n,n,8,n,n,n,40.6,n,n,n,30,n,n,n,14,n,n,n,58.6,n,n,n,34,n,n,n,14,n,n,n,38,n,n,n,20,n,n,n,11,n,n,n
2/27/24 1:30,34,n,n,n,22,n,n,n,6,n,n,n,39.6,n,n,n,25,n,n,n,14,n,n,n,47.2,n,n,n,34,n,n,n,6,n,n,n,44,n,n,n,17,n,n,n,11,n,n,n
2/27/24 2:30,33,n,n,n,20,n,n,n,8,n,n,n,32.7,n,n,n,27,n,n,n,12,n,n,n,37.7,n,n,n,27,n,n,n,13,n,n,n,30,n,n,n,25,n,n,n,9,n,n,n
2/27/24 3:30,32.3,n,n,n,25,n,n,n,7,n,n,n,36.7,n,n,n,29,n,n,n,9,n,n,n,38.9,n,n,n,25,n,n,n,11,n,n,n,38,n,n,n,18,n,n,n,8,n,n,n
2/27/24 4:30,35.9,n,n,n,22,n,n,n,7,n,n,n,34.7,n,n,n,23,n,n,n,13,n,n,n,36.5,n,n,n,29,n,n,n,12,n,n,n,37,n,n,n,17,n,n,n,11,n,n,n
2/27/24 5:30,27.1,n,n,n,n,n,n,n,n,n,n,n,41.7,n,n,n,29,n,n,n,9,n,n,n,42,n,n,n,20,n,n,n,8,n,n,n,36,n,n,n,24,n,n,n,11,n,n,n
2/27/24 6:30,1.8,n,n,n,30,n,n,n,8,n,n,n,50.5,n,n,n,34,n,n,n,12,n,n,n,63.4,n,n,n,38,n,n,n,9,n,n,n,39,n,n,n,18,n,n,n,12,n,n,n
2/27/24 7:30,47.4,n,n,n,27,n,n,n,8,n,n,n,55.5,n,n,n,39,n,n,n,9,n,n,n,103.3,n,n,n,69,n,n,n,20,n,n,n,46,n,n,n,33,n,n,n,14,n,n,n
2/27/24 8:30,49.1,n,n,n,22,n,n,n,6,n,n,n,29,n,n,n,23,n,n,n,9,n,n,n,61.3,n,n,n,34,n,n,n,7,n,n,n,34,n,n,n,22,n,n,n,7,n,n,n
2/27/24 9:30,34,n,n,n,19,n,n,n,6,n,n,n,20.4,n,n,n,11,n,n,n,12,n,n,n,27.1,n,n,n,17,n,n,n,7,n,n,n,19,n,n,n,8,n,n,n,5,n,n,n
2/27/24 10:30,26,n,n,n,22,n,n,n,7,n,n,n,18.1,n,n,n,12,n,n,n,11,n,n,n,10.2,n,n,n,11,n,n,n,3,n,n,n,37,n,n,n,7,n,n,n,3,n,n,n
2/27/24 11:30,18.5,n,n,n,17,n,n,n,6,n,n,n,22.5,n,n,n,17,n,n,n,8,n,n,n,27.4,n,n,n,14,n,n,n,2,n,n,n,12,n,n,n,7,n,n,n,5,n,n,n
2/27/24 12:30,24.8,n,n,n,19,n,n,n,3,n,n,n,15.6,n,n,n,19,n,n,n,9,n,n,n,7.6,n,n,n,14,n,n,n,2,n,n,n,28,n,n,n,12,n,n,n,3,n,n,n
2/27/24 13:30,31.3,n,n,n,19,n,n,n,5,n,n,n,27.8,n,n,n,20,n,n,n,7,n,n,n,39.3,n,n,n,14,n,n,n,3,n,n,n,14,n,n,n,8,n,n,n,2,n,n,n
2/27/24 14:30,37.8,n,n,n,19,n,n,n,6,n,n,n,36,n,n,n,20,n,n,n,9,n,n,n,18.8,n,n,n,13,n,n,n,3,n,n,n,14,n,n,n,9,n,n,n,3,n,n,n
2/27/24 15:30,43.5,n,n,n,24,n,n,n,8,n,n,n,37.5,n,n,n,34,n,n,n,8,n,n,n,25,n,n,n,18,n,n,n,6,n,n,n,23,n,n,n,16,n,n,n,6,n,n,n
2/27/24 16:30,67.9,n,n,n,42,n,n,n,7,n,n,n,71.7,n,n,n,35,n,n,n,9,n,n,n,89.8,n,n,n,36,n,n,n,5,n,n,n,51,n,n,n,24,n,n,n,5,n,n,n
2/27/24 17:30,90.5,n,n,n,44,n,n,n,6,n,n,n,68.4,n,n,n,22,n,n,n,8,n,n,n,68.3,n,n,n,24,n,n,n,7,n,n,n,17,n,n,n,9,n,n,n,6,n,n,n
2/27/24 18:30,47.5,n,n,n,23,n,n,n,7,n,n,n,68,n,n,n,35,n,n,n,9,n,n,n,145.6,n,n,n,57,n,n,n,17,n,n,n,28,n,n,n,16,n,n,n,6,n,n,n
2/27/24 19:30,33.2,n,n,n,13,n,n,n,7,n,n,n,68.1,n,n,n,33,n,n,n,8,n,n,n,136.6,n,n,n,58,n,n,n,17,n,n,n,27,n,n,n,17,n,n,n,6,n,n,n
2/27/24 20:30,43.3,n,n,n,29,n,n,n,6,n,n,n,60.7,n,n,n,31,n,n,n,8,n,n,n,91.2,n,n,n,45,n,n,n,14,n,n,n,31,n,n,n,23,n,n,n,11,n,n,n
2/27/24 21:30,50.9,n,n,n,28,n,n,n,16,n,n,n,63.5,n,n,n,31,n,n,n,17,n,n,n,70.9,n,n,n,45,n,n,n,17,n,n,n,29,n,n,n,19,n,n,n,14,n,n,n
2/27/24 22:30,38.2,n,n,n,17,n,n,n,11,n,n,n,48,n,n,n,30,n,n,n,13,n,n,n,60,n,n,n,34,n,n,n,14,n,n,n,22,n,n,n,14,n,n,n,11,n,n,n
2/27/24 23:30,28.7,n,n,n,28,n,n,n,16,n,n,n,37.8,n,n,n,24,n,n,n,12,n,n,n,44.4,n,n,n,30,n,n,n,11,n,n,n,25,n,n,n,14,n,n,n,9,n,n,n
2/28/24 0:30,29.4,n,n,n,19,n,n,n,11,n,n,n,34.5,n,n,n,23,n,n,n,13,n,n,n,43.8,n,n,n,27,n,n,n,11,n,n,n,27,n,n,n,23,n,n,n,7,n,n,n
2/28/24 1:30,28,n,n,n,29,n,n,n,14,n,n,n,36,n,n,n,34,n,n,n,17,n,n,n,39.8,n,n,n,28,n,n,n,18,n,n,n,36,n,n,n,30,n,n,n,14,n,n,n
2/28/24 2:30,27.6,n,n,n,24,n,n,n,13,n,n,n,34.1,n,n,n,28,n,n,n,16,n,n,n,35.9,n,n,n,27,n,n,n,11,n,n,n,27,n,n,n,25,n,n,n,14,n,n,n
2/28/24 3:30,25.6,n,n,n,18,n,n,n,9,n,n,n,27.8,n,n,n,27,n,n,n,13,n,n,n,38.9,n,n,n,24,n,n,n,8,n,n,n,12,n,n,n,12,n,n,n,11,n,n,n
2/28/24 4:30,22.3,n,n,n,23,n,n,n,7,n,n,n,17.8,n,n,n,18,n,n,n,9,n,n,n,38.2,n,n,n,28,n,n,n,13,n,n,n,17,n,n,n,8,n,n,n,7,n,n,n
2/28/24 5:30,18.2,n,n,n,14,n,n,n,9,n,n,n,22.5,n,n,n,14,n,n,n,8,n,n,n,35.9,n,n,n,20,n,n,n,12,n,n,n,16,n,n,n,7,n,n,n,6,n,n,n
2/28/24 6:30,22.2,n,n,n,19,n,n,n,6,n,n,n,30.8,n,n,n,20,n,n,n,8,n,n,n,73.1,n,n,n,33,n,n,n,9,n,n,n,20,n,n,n,11,n,n,n,7,n,n,n
2/28/24 7:30,27.8,n,n,n,n,n,n,n,n,n,n,n,37.8,n,n,n,25,n,n,n,11,n,n,n,56.3,n,n,n,35,n,n,n,12,n,n,n,26,n,n,n,11,n,n,n,7,n,n,n
2/28/24 8:30,1.2,n,n,n,19,n,n,n,2,n,n,n,31.1,n,n,n,20,n,n,n,n,n,n,n,35.1,n,n,n,20,n,n,n,7,n,n,n,22,n,n,n,16,n,n,n,6,n,n,n
2/28/24 9:30,37.5,n,n,n,22,n,n,n,6,n,n,n,22.9,n,n,n,19,n,n,n,9,n,n,n,25.1,n,n,n,18,n,n,n,7,n,n,n,20,n,n,n,13,n,n,n,6,n,n,n
2/28/24 10:30,34.2,n,n,n,18,n,n,n,5,n,n,n,32.4,n,n,n,13,n,n,n,8,n,n,n,33.9,n,n,n,18,n,n,n,6,n,n,n,20,n,n,n,13,n,n,n,6,n,n,n
2/28/24 11:30,28.8,n,n,n,22,n,n,n,5,n,n,n,56.5,n,n,n,30,n,n,n,8,n,n,n,54.9,n,n,n,25,n,n,n,7,n,n,n,43,n,n,n,20,n,n,n,2,n,n,n
2/28/24 12:30,21.4,n,n,n,16,n,n,n,3,n,n,n,22,n,n,n,16,n,n,n,6,n,n,n,47.4,n,n,n,24,n,n,n,7,n,n,n,30,n,n,n,8,n,n,n,2,n,n,n
2/28/24 13:30,24.7,n,n,n,18,n,n,n,7,n,n,n,170,n,n,n,30,n,n,n,7,n,n,n,38.6,n,n,n,22,n,n,n,5,n,n,n,40,n,n,n,16,n,n,n,2,n,n,n
2/28/24 14:30,27.1,n,n,n,14,n,n,n,8,n,n,n,51.8,n,n,n,35,n,n,n,7,n,n,n,50.4,n,n,n,23,n,n,n,8,n,n,n,39,n,n,n,19,n,n,n,3,n,n,n
2/28/24 15:30,21.8,n,n,n,22,n,n,n,9,n,n,n,46.8,n,n,n,25,n,n,n,12,n,n,n,78.2,n,n,n,47,n,n,n,7,n,n,n,34,n,n,n,14,n,n,n,6,n,n,n
2/28/24 16:30,24.1,n,n,n,25,n,n,n,7,n,n,n,46.4,n,n,n,19,n,n,n,9,n,n,n,49.6,n,n,n,24,n,n,n,5,n,n,n,32,n,n,n,11,n,n,n,8,n,n,n
2/28/24 17:30,27.1,n,n,n,22,n,n,n,8,n,n,n,39.2,n,n,n,18,n,n,n,12,n,n,n,82.2,n,n,n,35,n,n,n,9,n,n,n,43,n,n,n,24,n,n,n,12,n,n,n
2/28/24 18:30,64.8,n,n,n,31,n,n,n,11,n,n,n,55.5,n,n,n,25,n,n,n,9,n,n,n,123.4,n,n,n,50,n,n,n,22,n,n,n,39,n,n,n,14,n,n,n,11,n,n,n
2/28/24 19:30,50.3,n,n,n,27,n,n,n,8,n,n,n,76.7,n,n,n,39,n,n,n,14,n,n,n,171.6,n,n,n,59,n,n,n,23,n,n,n,44,n,n,n,24,n,n,n,16,n,n,n
2/28/24 20:30,80.6,n,n,n,56,n,n,n,13,n,n,n,78,n,n,n,39,n,n,n,17,n,n,n,126.5,n,n,n,59,n,n,n,28,n,n,n,31,n,n,n,18,n,n,n,12,n,n,n
2/28/24 21:30,91.7,n,n,n,48,n,n,n,12,n,n,n,53.8,n,n,n,34,n,n,n,12,n,n,n,109.9,n,n,n,55,n,n,n,23,n,n,n,29,n,n,n,19,n,n,n,16,n,n,n
2/28/24 22:30,91.4,n,n,n,44,n,n,n,17,n,n,n,67.8,n,n,n,40,n,n,n,20,n,n,n,74.2,n,n,n,46,n,n,n,18,n,n,n,25,n,n,n,19,n,n,n,9,n,n,n
2/28/24 23:30,134.3,n,n,n,134,n,n,n,95,n,n,n,43.2,n,n,n,25,n,n,n,11,n,n,n,61,n,n,n,36,n,n,n,16,n,n,n,26,n,n,n,19,n,n,n,8,n,n,n
2/29/24 0:30,102.3,n,n,n,64,n,n,n,27,n,n,n,43.1,n,n,n,28,n,n,n,12,n,n,n,64,n,n,n,38,n,n,n,n,n,n,n,30,n,n,n,19,n,n,n,8,n,n,n
2/29/24 1:30,50.5,n,n,n,38,n,n,n,13,n,n,n,35.3,n,n,n,22,n,n,n,11,n,n,n,41,n,n,n,30,n,n,n,8,n,n,n,32,n,n,n,20,n,n,n,14,n,n,n
2/29/24 2:30,40.1,n,n,n,27,n,n,n,13,n,n,n,40.2,n,n,n,30,n,n,n,17,n,n,n,51.3,n,n,n,30,n,n,n,14,n,n,n,31,n,n,n,25,n,n,n,8,n,n,n
2/29/24 3:30,51.5,n,n,n,34,n,n,n,13,n,n,n,40.9,n,n,n,29,n,n,n,13,n,n,n,53.7,n,n,n,30,n,n,n,16,n,n,n,69,n,n,n,42,n,n,n,20,n,n,n
2/29/24 4:30,41.6,n,n,n,33,n,n,n,14,n,n,n,41.1,n,n,n,25,n,n,n,9,n,n,n,34.4,n,n,n,16,n,n,n,11,n,n,n,30,n,n,n,23,n,n,n,14,n,n,n
2/29/24 5:30,28,n,n,n,23,n,n,n,12,n,n,n,21.7,n,n,n,14,n,n,n,11,n,n,n,9.4,n,n,n,24,n,n,n,7,n,n,n,20,n,n,n,12,n,n,n,14,n,n,n
2/29/24 6:30,28.4,n,n,n,18,n,n,n,9,n,n,n,35.2,n,n,n,25,n,n,n,14,n,n,n,58.6,n,n,n,27,n,n,n,7,n,n,n,28,n,n,n,19,n,n,n,9,n,n,n
2/29/24 7:30,37.5,n,n,n,30,n,n,n,11,n,n,n,68.6,n,n,n,44,n,n,n,14,n,n,n,92.4,n,n,n,44,n,n,n,17,n,n,n,38,n,n,n,16,n,n,n,14,n,n,n
2/29/24 8:30,40.9,n,n,n,31,n,n,n,17,n,n,n,43.2,n,n,n,30,n,n,n,9,n,n,n,72.9,n,n,n,40,n,n,n,16,n,n,n,32,n,n,n,24,n,n,n,13,n,n,n
2/29/24 9:30,45,n,n,n,29,n,n,n,8,n,n,n,46.2,n,n,n,25,n,n,n,11,n,n,n,52.2,n,n,n,28,n,n,n,16,n,n,n,32,n,n,n,19,n,n,n,11,n,n,n
2/29/24 10:30,34.1,n,n,n,29,n,n,n,7,n,n,n,22.4,n,n,n,25,n,n,n,12,n,n,n,33.4,n,n,n,27,n,n,n,14,n,n,n,26,n,n,n,17,n,n,n,9,n,n,n
2/29/24 11:30,57.3,n,n,n,22,n,n,n,12,n,n,n,79.3,n,n,n,28,n,n,n,9,n,n,n,82,n,n,n,35,n,n,n,9,n,n,n,32,n,n,n,18,n,n,n,11,n,n,n
2/29/24 12:30,15.7,n,n,n,n,n,n,n,n,n,n,n,12.6,n,n,n,24,n,n,n,12,n,n,n,47.6,n,n,n,36,n,n,n,13,n,n,n,26,n,n,n,17,n,n,n,12,n,n,n
2/29/24 13:30,1.9,n,n,n,16,n,n,n,3,n,n,n,37.9,n,n,n,23,n,n,n,11,n,n,n,40.9,n,n,n,25,n,n,n,9,n,n,n,26,n,n,n,18,n,n,n,n,n,n,n
2/29/24 14:30,50,n,n,n,25,n,n,n,12,n,n,n,43.7,n,n,n,25,n,n,n,8,n,n,n,51.9,n,n,n,29,n,n,n,8,n,n,n,22,n,n,n,20,n,n,n,n,n,n,n
2/29/24 15:30,38.1,n,n,n,33,n,n,n,16,n,n,n,40,n,n,n,22,n,n,n,11,n,n,n,58.2,n,n,n,35,n,n,n,7,n,n,n,26,n,n,n,17,n,n,n,n,n,n,n
2/29/24 16:30,33.5,n,n,n,n,n,n,n,n,n,n,n,35.8,n,n,n,n,n,n,n,13,n,n,n,67.6,n,n,n,31,n,n,n,17,n,n,n,19,n,n,n,16,n,n,n,n,n,n,n
2/29/24 17:30,n,n,n,n,11,n,n,n,6,n,n,n,8.3,n,n,n,2,n,n,n,8,n,n,n,5.8,n,n,n,19,n,n,n,12,n,n,n,n,n,n,n,11,n,n,n,n,n,n,n
2/29/24 18:30,12.3,n,n,n,19,n,n,n,3,n,n,n,2.3,n,n,n,12,n,n,n,7,n,n,n,13.2,n,n,n,19,n,n,n,13,n,n,n,6,n,n,n,11,n,n,n,n,n,n,n
2/29/24 19:30,20.9,n,n,n,19,n,n,n,6,n,n,n,24.1,n,n,n,17,n,n,n,7,n,n,n,40.3,n,n,n,36,n,n,n,7,n,n,n,22,n,n,n,20,n,n,n,n,n,n,n
2/29/24 20:30,25.2,n,n,n,23,n,n,n,8,n,n,n,34.7,n,n,n,29,n,n,n,8,n,n,n,55.9,n,n,n,27,n,n,n,11,n,n,n,38,n,n,n,25,n,n,n,n,n,n,n
2/29/24 21:30,32.3,n,n,n,n,n,n,n,8,n,n,n,32,n,n,n,24,n,n,n,14,n,n,n,49.3,n,n,n,30,n,n,n,8,n,n,n,45,n,n,n,29,n,n,n,n,n,n,n
2/29/24 22:30,37.4,n,n,n,n,n,n,n,16,n,n,n,34.9,n,n,n,29,n,n,n,12,n,n,n,59.7,n,n,n,31,n,n,n,14,n,n,n,39,n,n,n,28,n,n,n,n,n,n,n
2/29/24 23:30,40,n,n,n,n,n,n,n,13,n,n,n,38.9,n,n,n,27,n,n,n,9,n,n,n,50.3,n,n,n,28,n,n,n,14,n,n,n,40,n,n,n,25,n,n,n,n,n,n,n
